country_name, 1990,1991,1992,1993,1994,1995,1996,1997,1998,1999,2000,2001,2002,2003,2004,2005,2006,2007,2008,2009,2010,2011,2012,2013,2014,2015,2016,2017,
United States,13.478,13.426,13.242,13.499,13.434,13.384,13.071,12.812,12.553,12.345,12.377,12.602,12.876,12.985,12.880,13.202,13.376,13.454,13.605,13.746,13.688,13.960,14.055,14.148,14.342,14.664,15.013,15.023,
Japan,19.077,19.005,19.183,19.260,19.206,19.924,20.155,20.995,23.392,24.553,24.539,24.821,25.025,25.833,25.703,26.134,25.691,25.636,25.421,25.245,25.011,24.806,23.826,23.315,22.864,22.202,22.306,22.451,
India,18.364,18.496,18.601,18.070,17.743,17.488,17.152,17.714,17.898,18.320,18.298,17.788,17.149,16.440,16.046,16.342,16.213,16.007,16.142,16.424,16.709,16.941,16.508,16.011,15.750,15.171,15.299,15.274,
France,25.802,25.580,25.383,25.446,24.792,24.329,24.042,23.587,23.431,22.791,22.002,21.799,21.580,21.278,20.180,20.122,19.851,19.577,19.656,20.000,19.918,19.542,18.862,18.309,17.584,17.420,16.918,16.842,
China,19.150,19.538,20.062,20.196,20.055,19.865,19.093,18.126,17.091,15.851,14.369,12.420,11.401,11.482,11.816,11.462,10.865,10.429,10.167,10.037,9.891,9.516,9.237,9.022,9.091,9.144,9.098,9.104,
Portugal,16.393,16.837,16.494,16.023,14.689,14.671,14.531,14.077,13.493,13.180,13.021,13.093,13.106,12.897,12.170,12.004,12.196,12.806,13.130,13.397,13.601,13.483,13.476,13.374,13.327,12.483,12.512,12.720,
Ecuador,5.007,5.503,5.727,5.944,6.110,6.281,6.831,6.725,7.040,7.290,7.261,7.235,7.820,8.303,8.725,9.320,9.586,9.941,10.252,10.457,10.554,10.455,10.216,9.768,9.585,9.504,9.372,9.360,
Australia,13.952,13.825,13.840,13.467,13.943,14.057,14.350,14.634,14.730,14.264,13.686,13.051,12.620,12.236,11.930,11.720,11.604,11.955,12.166,12.249,12.296,12.187,12.042,12.125,12.648,12.997,12.779,12.760,
Philippines,9.765,9.345,8.349,7.186,6.752,6.345,5.755,4.933,4.334,3.692,3.843,3.793,3.775,3.756,3.659,3.770,3.990,4.162,4.367,4.600,4.710,4.821,4.961,5.033,5.145,5.379,5.388,5.383,
Spain,8.915,9.069,8.910,8.900,8.958,9.094,9.207,9.161,9.151,9.227,9.004,8.899,8.895,9.004,8.754,8.642,8.422,8.454,8.419,8.220,8.082,8.161,8.289,8.274,8.320,8.452,8.145,8.068,
Maldives,7.137,6.654,6.199,5.844,5.643,5.309,5.066,4.939,4.765,4.450,4.178,3.912,3.748,3.632,3.516,3.450,3.429,3.405,3.339,3.172,3.107,3.081,3.026,3.060,3.109,3.163,3.231,3.299,
United Kingdom,10.762,10.646,10.450,10.484,10.162,10.296,10.212,10.012,10.066,9.973,9.690,9.438,9.314,9.126,8.792,8.633,8.860,8.772,8.920,8.793,8.682,8.467,8.292,8.485,8.438,8.590,8.691,8.671,
Greece,4.219,4.299,4.273,4.218,4.098,4.044,3.995,3.891,3.875,3.870,3.821,3.738,3.669,3.789,3.888,3.972,3.946,4.116,4.185,4.352,4.404,4.661,4.894,4.884,5.011,5.122,5.008,4.975,
Denmark,30.113,28.478,27.545,26.839,25.433,23.604,22.113,20.379,18.743,18.625,16.675,16.058,15.888,15.245,14.689,13.874,14.084,14.082,13.532,13.408,13.043,12.594,12.354,12.149,11.886,11.654,11.928,12.120,
Greenland,109.300,103.796,98.695,94.885,91.480,88.246,86.352,85.087,83.298,81.221,79.160,78.355,77.059,75.777,75.572,74.776,73.916,72.041,71.389,70.682,69.810,68.008,66.435,65.649,64.650,59.528,58.284,57.611,
Puerto Rico,10.164,10.185,10.232,10.536,9.884,9.822,9.334,8.773,9.015,8.222,8.129,8.239,7.656,7.542,7.715,7.965,7.871,7.915,8.014,8.274,7.824,8.002,7.558,7.484,7.137,7.075,7.454,7.723,
Virgin Islands (U.S.),6.289,6.237,6.252,6.307,6.411,6.426,6.480,6.559,6.698,6.851,6.848,6.934,6.869,6.895,6.936,6.881,6.974,7.094,7.256,7.484,7.736,7.874,8.077,8.285,8.474,8.707,8.740,8.860,
Canada,14.668,14.642,14.754,15.033,14.905,14.989,14.921,14.710,14.506,14.531,13.997,13.883,13.713,13.787,13.477,13.542,13.164,13.254,13.273,13.221,12.996,12.675,12.986,12.882,13.234,13.366,13.045,12.829,
Argentina,9.682,10.004,10.684,10.907,11.277,11.541,12.049,12.361,12.467,12.717,12.498,12.719,12.745,12.154,11.375,11.256,11.266,11.643,11.620,11.574,11.343,11.493,11.687,11.721,11.482,11.255,11.343,11.351,
Chile,22.040,19.964,18.534,18.631,18.075,17.760,16.921,15.725,14.995,14.124,13.032,12.924,12.215,12.199,12.200,12.008,12.027,12.292,12.465,12.960,12.520,12.033,11.585,11.457,11.348,11.385,11.468,11.504,
Cape Verde,8.821,8.989,9.151,9.534,9.920,10.251,10.624,10.941,11.112,11.282,11.416,11.880,12.161,12.439,12.721,13.054,13.400,13.688,13.996,14.332,14.701,14.978,15.172,15.328,15.477,15.608,15.755,15.959,
Dominica,4.021,4.137,4.208,4.246,4.240,4.254,4.277,4.316,4.398,4.443,4.347,4.276,4.259,4.270,4.293,4.253,4.267,4.301,4.354,4.476,4.632,4.767,4.859,4.993,4.938,5.019,5.083,5.125,
Seychelles,13.360,13.108,12.803,12.447,11.995,11.322,10.629,10.067,9.716,9.382,9.211,9.144,9.016,8.918,8.723,8.406,8.228,8.176,8.106,7.980,7.956,8.027,8.143,8.283,8.430,8.586,8.741,8.815,
Jamaica,1.325,1.304,1.404,1.559,1.694,1.847,2.009,2.157,2.226,2.309,2.208,2.213,2.136,2.016,1.918,2.248,2.315,2.617,2.905,3.010,2.717,3.187,3.556,3.679,3.836,3.994,3.902,3.898,
Oman,2.947,2.942,2.947,2.945,2.917,2.897,2.935,2.962,2.953,2.911,2.895,2.912,2.927,2.910,2.849,2.786,2.823,2.923,2.990,3.016,3.103,3.302,3.387,3.314,3.217,3.171,3.117,3.107,
Saint Vincent and Grenadines,5.252,5.387,5.486,5.582,5.668,5.799,5.915,6.246,6.581,6.753,6.617,6.836,6.751,6.754,6.699,6.602,6.527,6.502,6.588,6.675,6.915,7.074,7.243,7.403,7.519,7.667,7.859,7.982,
Solomon Islands,18.174,18.171,18.080,17.984,17.834,17.628,17.412,17.200,17.013,16.768,16.580,16.442,16.349,16.224,16.087,15.935,15.835,15.713,15.556,15.423,15.291,15.122,14.965,14.853,14.753,14.690,14.616,14.568,
Saint Lucia,6.510,6.589,6.602,6.616,6.618,6.668,6.726,6.930,6.812,6.678,6.457,6.237,6.323,6.555,6.716,6.642,6.615,6.522,6.404,6.498,6.579,6.710,6.844,6.991,7.099,7.359,7.693,7.871,
Norway,17.027,16.764,16.501,15.643,15.053,14.861,14.123,13.968,14.125,13.993,14.088,13.813,13.385,13.074,12.981,12.769,12.421,12.121,12.304,12.569,12.477,12.562,11.748,11.949,11.480,11.132,10.990,11.079,
Bahrain,5.133,5.343,5.538,5.670,5.774,5.992,5.997,5.775,6.183,6.791,7.330,7.759,7.869,8.026,8.372,8.370,8.006,7.733,7.360,6.847,6.270,5.810,5.601,5.282,5.095,5.066,5.005,4.963,
Indonesia,3.452,3.464,3.479,3.492,3.493,3.485,3.469,3.468,3.491,3.489,3.463,3.434,3.445,3.437,3.438,3.417,3.398,3.369,3.352,3.324,3.287,3.271,3.198,3.146,3.095,3.070,3.071,3.065,
Mauritius,13.211,13.151,13.375,13.477,13.367,13.554,13.753,13.471,13.150,12.967,11.877,11.300,11.271,10.277,9.925,9.971,10.111,9.905,9.547,9.772,9.473,9.671,9.539,9.150,9.488,9.613,9.274,9.248,
Sweden,21.921,22.090,21.015,20.673,19.688,19.439,18.546,17.634,17.125,16.786,16.213,16.151,15.725,15.469,15.944,15.487,15.387,15.388,15.450,15.473,14.927,14.904,14.812,14.861,14.671,14.546,14.095,13.892,
Russia,31.441,32.932,38.440,49.269,56.367,54.207,49.575,45.314,44.496,49.034,51.342,50.961,50.845,50.961,50.011,51.796,46.332,42.967,42.093,38.913,38.534,35.407,34.220,33.321,33.547,31.912,30.445,30.028,
Trinidad and Tobago,13.294,13.245,13.663,14.640,14.768,14.740,14.672,13.890,14.339,13.698,13.328,13.253,13.067,13.002,13.231,13.016,12.423,12.713,13.911,12.918,12.166,11.317,11.119,11.339,11.292,11.174,11.258,11.352,
Brazil,6.179,6.065,6.057,6.157,6.168,6.152,6.129,6.100,6.111,6.045,6.071,6.126,6.146,6.196,6.227,6.208,6.151,6.162,6.195,6.251,6.247,6.343,6.425,6.448,6.449,6.469,6.610,6.678,
Bahamas,2.938,2.923,2.965,3.059,3.053,3.107,3.077,3.083,3.105,3.091,3.057,2.973,2.898,2.920,2.905,2.889,2.938,2.979,3.049,3.103,3.161,3.220,3.242,3.260,3.325,3.360,3.396,3.426,
Grenada,5.535,5.400,5.312,5.204,5.076,4.948,4.829,4.801,4.749,4.677,4.616,4.648,4.674,4.713,4.758,4.762,4.833,4.898,4.894,5.043,5.188,5.317,5.170,5.241,5.296,5.364,5.392,5.519,
Antigua and Barbuda,2.486,2.495,2.500,2.506,2.510,2.514,2.543,2.593,2.661,2.640,2.600,2.583,2.595,2.629,2.648,2.676,2.679,2.695,2.753,2.790,2.822,2.871,2.861,2.884,2.922,2.948,2.948,2.952,
Fiji,8.795,8.885,8.863,8.965,8.981,9.084,9.291,9.704,9.622,9.999,10.258,10.087,9.853,9.851,9.506,9.517,9.451,9.444,9.657,9.422,9.599,9.685,9.762,9.693,9.622,9.558,9.488,9.421,
Barbados,5.250,5.420,5.490,5.630,5.648,5.655,5.645,5.531,5.447,5.299,5.163,5.026,5.112,5.176,5.200,5.137,5.057,4.930,4.944,4.887,4.901,4.835,4.782,4.827,4.854,4.917,4.967,5.034,
Italy,9.356,9.630,9.534,9.372,9.405,9.405,9.284,9.261,9.228,8.841,8.627,8.447,8.240,8.179,7.753,7.613,7.550,7.550,7.608,7.657,7.593,7.753,7.824,7.772,7.572,7.606,7.247,7.157,
Malta,5.263,5.373,5.486,5.487,5.593,5.653,5.620,5.627,5.554,5.583,5.547,5.559,5.517,5.592,5.657,5.690,5.807,5.889,5.885,5.912,5.896,5.743,5.791,5.732,5.744,5.826,6.045,6.132,
Papua New Guinea,26.299,26.094,25.797,25.374,24.926,24.548,24.100,23.695,23.441,23.209,22.936,22.864,22.896,22.971,23.056,23.121,23.193,23.242,23.230,23.130,23.086,22.999,22.866,22.695,22.496,22.315,22.097,21.927,
Vanuatu,18.320,18.197,18.109,17.984,17.804,17.662,17.453,17.287,17.068,16.918,16.713,16.628,16.609,16.545,16.478,16.449,16.373,16.388,16.329,16.269,16.192,16.108,16.045,15.955,15.896,15.855,15.835,15.805,
Singapore,14.388,14.170,13.993,13.724,13.745,13.713,13.123,12.875,12.590,12.128,12.084,11.992,11.884,11.305,11.265,11.176,10.870,10.635,10.592,10.048,9.858,9.796,9.733,9.494,9.253,9.112,8.922,8.913,
Cyprus,4.830,4.779,4.722,4.828,4.960,5.014,5.081,5.167,5.228,5.269,5.401,5.405,5.391,5.387,5.377,5.422,5.472,5.602,5.669,5.705,5.692,5.580,5.571,5.616,5.652,5.639,5.583,5.585,
Comoros,6.211,6.214,6.215,6.228,6.260,6.269,6.238,6.202,5.836,5.623,5.492,5.347,5.285,5.203,5.532,5.516,5.552,5.574,5.625,5.651,5.676,5.763,5.823,5.854,5.902,5.950,6.011,6.064,
Armenia,3.138,3.302,3.672,3.956,4.108,4.216,4.107,3.964,3.807,3.741,3.777,4.052,4.370,4.662,5.409,6.366,7.540,7.897,8.729,9.247,9.749,10.116,10.342,10.125,10.082,10.162,10.153,9.966,
Azerbaijan,2.837,2.747,2.772,2.702,2.634,2.495,2.445,2.444,2.483,2.626,2.886,3.286,3.491,3.811,4.153,4.465,4.738,5.105,4.959,4.851,4.813,4.762,4.670,4.582,4.479,4.355,4.255,4.220,
Tajikistan,4.425,4.331,4.382,4.233,4.450,4.299,4.107,3.841,3.650,3.599,3.619,3.623,3.664,3.754,3.879,4.106,4.246,4.384,4.494,4.593,4.699,4.828,4.879,4.922,5.060,5.168,5.353,5.252,
Uzbekistan,7.212,7.166,7.047,7.298,7.626,7.635,8.170,8.589,8.958,9.291,9.549,9.670,9.615,9.594,9.944,10.314,9.973,9.822,9.565,9.221,9.076,9.301,9.597,9.742,9.893,9.561,9.508,9.418,
Lesotho,16.840,16.307,16.069,15.874,16.033,16.104,16.380,17.036,18.189,19.314,21.053,21.928,23.363,24.790,25.780,26.523,26.916,27.252,27.894,27.634,27.712,27.638,27.900,28.168,28.211,28.078,27.247,26.272,
Bangladesh,9.470,8.993,9.149,9.133,8.921,8.997,8.636,8.158,7.856,7.495,7.157,6.954,6.769,6.561,6.631,6.792,7.015,7.194,7.223,7.076,7.133,6.760,6.465,6.255,6.221,6.045,5.918,5.951,
North Korea,12.146,12.175,12.193,12.222,12.335,12.507,12.647,12.777,12.850,12.836,12.731,12.660,12.614,12.574,12.533,12.485,12.504,12.521,12.583,12.615,12.627,12.658,12.681,12.704,12.734,12.780,12.814,12.867,
Kyrgyzstan,14.162,14.419,14.489,14.865,15.053,15.082,14.597,14.438,14.583,14.730,14.816,14.879,15.059,15.014,14.928,14.935,14.683,14.099,13.141,12.308,12.014,11.839,11.641,11.164,10.729,10.091,9.484,9.333,
Mexico,3.337,3.450,3.618,3.772,3.943,4.102,4.189,4.399,4.584,4.557,4.486,4.521,4.664,4.774,4.741,4.917,4.944,5.039,5.502,5.872,6.021,6.079,5.972,5.745,5.773,5.808,5.975,6.032,
Morocco,6.917,6.981,7.062,7.218,7.253,7.345,7.559,7.808,7.914,8.158,8.273,8.341,8.310,8.269,8.200,8.132,8.069,8.087,8.086,8.075,8.058,7.917,7.791,7.658,7.539,7.413,7.294,7.254,
Colombia,4.696,4.873,4.808,4.672,4.999,5.463,5.825,5.738,5.868,6.088,6.214,6.277,7.130,6.618,6.583,6.109,6.206,5.916,5.984,6.202,6.024,5.679,5.585,5.434,5.602,5.656,5.748,5.761,
Tanzania,5.414,5.435,5.533,5.652,5.737,5.767,5.773,5.767,5.763,5.605,5.406,5.219,5.015,4.894,4.749,4.728,4.714,4.735,4.724,4.683,4.639,4.628,4.692,4.749,4.767,4.808,4.848,4.884,
Saudi Arabia,1.736,1.765,1.783,1.800,1.818,1.837,1.860,1.926,1.952,1.987,2.022,2.047,2.135,2.198,2.253,2.346,2.416,2.487,2.514,2.573,2.654,2.743,2.839,2.895,2.993,3.066,3.118,3.144,
Qatar,7.700,7.741,7.763,7.650,7.661,7.737,7.679,7.465,7.058,6.770,6.564,6.460,6.069,5.754,5.555,5.425,5.621,5.781,5.836,5.923,5.980,5.956,5.905,5.904,5.785,5.394,5.284,5.294,
Netherlands,13.052,13.051,12.836,13.034,12.602,12.346,12.280,11.916,11.638,11.722,11.687,11.573,11.610,11.597,11.320,11.039,10.841,10.622,10.979,11.031,11.265,11.575,11.918,12.010,11.885,12.137,12.297,12.132,
Yemen,4.551,4.562,4.612,4.686,4.765,4.839,4.889,4.928,4.939,4.942,4.952,4.959,4.979,4.965,4.943,4.900,4.871,4.848,4.843,4.816,4.762,4.747,4.710,4.680,4.666,4.709,4.769,4.826,
United Arab Emirates,3.853,3.991,4.113,4.240,4.365,4.405,4.449,4.428,4.575,4.685,4.628,4.586,4.713,5.004,5.363,5.511,5.640,5.821,5.696,5.842,5.888,5.894,5.968,6.025,6.070,6.112,6.130,6.151,
Kenya,5.246,5.318,5.431,5.543,5.661,5.794,5.951,6.117,6.312,6.393,6.568,6.545,6.638,6.779,6.735,6.777,6.733,6.690,6.616,6.594,6.624,6.608,6.546,6.427,6.346,6.321,6.328,6.329,
Turkey,3.517,3.583,3.621,3.643,3.677,3.675,3.616,3.522,3.415,3.367,3.231,3.100,2.936,2.999,3.026,3.104,3.117,3.088,3.092,3.219,3.250,3.267,3.314,3.416,3.545,3.558,3.578,3.553,
Finland,31.103,30.512,29.731,28.707,27.570,27.772,26.863,26.524,25.631,25.184,24.798,23.656,22.383,21.903,21.956,21.301,20.650,20.715,20.422,19.957,19.318,18.344,17.603,17.070,16.072,15.289,15.464,15.735,
Malaysia,7.051,6.924,6.821,6.683,6.732,7.000,7.024,6.955,6.849,6.919,6.907,6.668,6.575,6.747,6.686,6.522,6.374,6.304,6.488,6.655,6.517,6.317,6.388,6.487,6.846,7.086,7.238,7.444,
Panama,4.895,5.088,5.291,5.735,5.984,6.231,5.882,6.131,6.238,6.170,5.920,6.081,6.225,6.541,6.235,6.093,6.238,6.153,6.366,6.252,5.798,5.645,5.564,5.277,5.289,5.026,4.958,5.066,
Iran,6.147,6.224,6.203,6.214,6.250,6.294,6.266,6.236,6.246,6.314,6.427,6.587,6.688,6.737,6.723,6.685,6.653,6.765,6.828,6.834,6.857,6.797,6.671,6.476,6.223,6.078,5.942,5.806,
Haiti,8.353,8.239,8.118,8.054,7.952,7.862,7.650,7.517,7.402,7.323,7.206,7.127,7.075,7.079,7.055,7.077,7.114,7.143,7.169,7.192,7.197,7.186,7.166,7.145,7.129,7.095,7.086,7.069,
Dominican Republic,4.039,4.127,4.253,4.511,4.774,5.109,5.437,5.752,5.958,6.151,6.251,6.364,6.577,6.927,7.195,7.189,7.191,7.001,6.896,6.885,6.976,6.909,7.283,7.884,8.294,8.665,8.894,8.855,
Croatia,24.674,24.230,24.742,24.577,24.178,23.668,23.952,24.024,23.197,22.627,21.465,21.049,20.939,20.996,20.119,20.251,19.610,19.775,20.005,18.921,18.215,17.913,17.964,16.986,17.202,17.751,16.748,16.548,
Thailand,12.779,13.439,14.175,15.286,16.716,18.468,19.770,18.291,18.344,18.949,18.364,16.982,16.582,15.650,14.140,12.877,12.655,12.418,12.283,11.917,12.127,12.089,11.949,11.640,11.737,11.882,12.242,12.417,
Estonia,30.271,32.253,34.066,39.494,45.500,44.302,38.400,37.708,38.538,35.790,33.851,34.642,32.499,29.815,28.202,26.356,25.870,25.942,23.276,21.707,19.564,19.545,19.661,18.118,18.192,17.054,16.831,16.702,
Congo (Kinshasa),6.662,6.788,6.818,6.760,6.731,6.834,6.980,6.766,6.810,6.802,6.797,6.727,6.607,6.675,6.517,6.407,6.377,6.340,6.389,6.398,6.454,6.528,6.574,6.570,6.596,6.631,6.657,6.713,
Kuwait,2.909,2.670,2.581,2.677,2.921,3.042,3.135,3.483,3.540,3.872,3.800,3.466,3.461,3.389,3.460,3.526,3.591,3.589,3.653,3.546,3.296,3.170,3.245,3.190,3.055,3.014,3.034,3.049,
Germany,17.759,18.008,17.653,17.513,17.486,17.683,17.545,17.224,16.571,16.262,16.139,15.833,15.779,15.724,15.081,14.753,14.370,14.197,14.209,14.346,14.374,14.263,14.048,14.250,13.943,14.370,14.665,14.664,
Ireland,10.305,10.710,10.885,11.002,11.288,12.030,12.520,13.217,13.540,13.556,13.845,13.573,13.248,12.459,12.455,12.342,12.188,12.158,12.382,12.875,11.759,11.875,11.476,10.862,10.396,9.764,9.349,9.317,
Myanmar (Burma),6.721,6.746,6.742,6.725,6.692,6.669,6.636,6.607,6.562,6.503,6.440,6.405,6.347,6.286,6.245,6.127,6.019,5.884,5.749,5.652,5.515,5.437,5.333,5.264,5.183,5.141,5.107,5.064,
Equatorial Guinea,10.734,10.520,10.152,9.910,9.585,9.482,9.169,8.213,7.587,7.123,6.577,6.026,5.482,5.291,4.834,4.720,4.842,4.742,4.639,4.682,4.565,4.454,4.473,4.463,4.639,4.691,4.810,4.918,
Uganda,5.902,6.254,6.377,6.626,6.877,7.071,7.287,7.355,7.516,7.515,7.584,7.545,7.339,7.109,6.937,6.702,6.432,6.194,5.916,5.745,5.581,5.476,5.441,5.450,5.399,5.256,5.164,5.191,
Kazakhstan,19.801,20.517,22.340,24.613,26.405,29.738,31.248,30.969,30.022,29.886,33.586,35.502,36.185,38.040,39.531,40.223,40.095,37.929,34.899,31.803,31.191,30.011,28.722,27.039,24.875,23.693,23.551,23.808,
Gabon,8.791,8.849,8.930,8.807,8.972,9.369,9.445,9.436,9.402,9.188,9.328,9.460,9.338,9.413,9.340,9.296,9.340,9.360,9.417,9.375,9.152,9.170,9.178,9.125,9.187,9.253,9.271,9.288,
South Korea,10.703,10.662,10.692,11.153,12.019,13.091,14.468,15.667,17.533,18.277,19.122,20.428,22.350,24.790,26.362,27.588,28.135,29.785,31.540,33.492,34.328,34.254,33.426,32.514,31.297,30.229,29.039,28.912,
Timor Leste,10.157,9.853,9.520,9.176,8.827,8.512,8.146,7.713,7.405,7.083,6.757,6.472,6.271,6.222,6.136,5.993,5.797,5.701,5.630,5.582,5.561,5.574,5.602,5.651,5.754,5.848,5.928,5.980,
Mauritania,4.715,4.667,4.663,4.649,4.660,4.629,4.607,4.549,4.483,4.370,4.284,4.240,4.158,4.088,4.058,4.004,3.958,3.929,3.916,3.921,3.914,3.923,3.934,3.949,3.960,3.976,4.007,4.028,
Algeria,3.987,4.037,4.106,4.198,4.399,4.491,4.589,4.700,4.758,4.884,4.947,5.001,5.043,4.920,4.915,4.894,4.855,4.805,4.738,4.675,4.591,4.562,4.494,4.458,4.439,4.392,4.272,4.198,
Peru,3.571,3.411,3.821,4.066,4.113,4.226,4.317,4.379,4.341,4.212,4.071,3.872,3.826,3.885,3.833,3.739,3.568,3.497,3.542,3.707,3.715,3.656,3.551,3.371,3.205,3.123,3.114,3.110,
Angola,8.710,8.738,8.817,9.034,9.161,8.982,8.421,8.195,8.871,8.483,8.322,8.094,7.828,7.765,7.801,7.505,7.391,7.175,7.004,6.865,6.741,6.660,6.600,6.503,6.296,6.242,6.150,6.191,
Mozambique,8.792,8.796,8.877,8.947,8.890,8.860,8.853,8.907,8.772,8.657,8.590,8.401,8.404,8.405,8.502,8.663,8.819,9.022,9.149,9.181,9.267,9.286,9.290,9.263,9.230,9.212,9.160,9.062,
Costa Rica,5.563,5.411,5.715,5.717,6.028,6.511,6.358,6.499,6.772,7.094,6.893,6.972,7.401,7.739,7.903,7.360,7.875,7.167,7.224,7.203,7.911,7.606,7.431,7.582,7.497,8.018,8.440,8.497,
El Salvador,11.337,10.969,10.763,10.749,11.344,10.849,10.689,10.606,10.445,9.928,9.491,9.215,8.847,8.903,9.113,9.189,8.841,9.317,9.009,9.148,8.915,9.117,8.712,9.095,9.975,10.222,10.144,10.068,
Guatemala,7.912,8.841,9.352,9.682,10.163,9.174,8.498,9.189,9.620,9.392,10.816,10.908,10.248,10.330,9.944,9.600,9.253,8.028,7.423,6.815,6.223,5.496,5.209,5.010,4.980,4.999,5.428,5.668,
Belize,4.312,4.547,4.832,5.063,5.243,5.758,6.210,6.526,6.792,7.020,7.026,6.986,6.695,6.584,6.587,6.434,6.269,6.190,6.159,6.202,6.280,6.493,6.454,6.489,6.478,6.640,6.950,7.074,
Venezuela,6.364,6.814,7.278,7.673,8.110,8.408,8.603,8.621,9.198,9.506,9.573,9.720,9.607,9.658,8.639,8.181,8.432,8.655,8.876,8.832,8.396,8.399,8.835,8.701,8.757,8.857,8.958,9.032,
Guyana,17.873,18.537,17.591,16.962,17.042,19.014,19.656,20.707,22.848,22.120,19.759,21.825,22.885,23.976,24.407,24.849,24.952,24.243,23.967,23.972,26.278,27.585,28.322,27.884,27.048,26.411,25.919,25.520,
Honduras,4.473,4.374,4.266,4.124,4.030,3.965,3.921,3.923,3.948,3.976,3.943,3.933,3.934,3.957,3.958,3.930,3.875,3.816,3.740,3.686,3.644,3.632,3.584,3.625,3.694,3.703,3.710,3.705,
Nicaragua,5.825,6.421,6.492,6.734,7.191,7.780,8.206,8.479,8.729,8.713,8.627,8.580,8.560,8.506,8.319,8.206,7.627,7.498,7.389,7.124,6.714,6.705,6.672,6.630,6.655,6.153,5.903,5.822,
Malawi,6.463,6.569,6.914,7.309,7.854,8.324,8.483,8.532,8.575,8.336,8.150,7.859,7.649,7.507,7.446,7.306,7.184,7.072,6.988,6.972,7.067,7.063,7.014,6.930,6.880,6.904,6.939,6.907,
Turkmenistan,7.418,7.132,7.141,7.647,7.876,8.065,8.784,9.725,10.534,10.831,10.694,10.991,11.551,11.912,12.669,13.385,13.284,12.553,11.651,10.242,9.521,9.274,9.144,9.228,9.156,8.745,8.917,8.803,
Zambia,8.121,8.437,8.723,8.983,9.191,9.364,9.357,9.198,8.977,8.579,8.213,7.833,7.504,7.271,7.025,6.851,6.739,6.569,6.569,6.485,6.542,6.561,6.527,6.494,6.502,6.563,6.643,6.685,
South Africa,16.329,16.450,17.118,16.276,16.611,16.589,16.931,18.576,19.414,20.368,22.390,21.391,21.728,21.951,21.495,20.628,19.861,18.555,17.392,15.907,14.258,12.595,11.624,10.925,10.613,10.627,10.892,11.321,
Lithuania,31.017,34.242,36.508,43.906,49.217,50.172,48.187,46.109,46.278,45.918,46.562,48.219,46.582,45.286,44.437,45.960,46.037,47.501,44.694,39.992,39.425,38.926,38.635,39.779,37.985,37.254,36.361,36.266,
Ethiopia,10.089,10.007,10.035,9.950,9.781,9.573,9.202,8.904,8.481,7.991,7.530,7.147,6.804,6.547,6.343,6.124,6.005,5.880,5.813,5.766,5.667,5.532,5.373,5.176,5.101,5.020,4.971,4.963,
Ghana,4.680,4.706,4.769,4.779,4.852,4.942,4.958,5.073,5.074,5.114,5.142,5.383,5.568,5.741,5.917,5.968,5.983,5.856,5.924,6.064,6.163,6.238,6.258,6.255,6.269,6.314,6.370,6.316,
Slovenia,32.123,33.418,33.839,35.557,34.702,32.514,32.565,33.083,33.342,32.752,32.069,32.207,31.279,31.613,29.768,27.717,27.731,26.445,25.012,23.747,22.717,22.058,22.146,21.745,20.112,21.046,20.750,20.794,
Bosnia and Herzegovina,10.386,11.624,12.168,12.433,12.420,12.161,11.603,10.885,10.084,9.959,9.736,9.389,9.022,8.571,8.127,8.293,8.139,8.479,8.080,7.908,7.739,7.622,8.053,8.643,9.220,9.229,9.192,9.166,
Jordan,4.460,4.381,4.323,4.422,4.406,4.426,4.408,4.321,4.253,4.179,4.089,3.981,3.855,3.738,3.622,3.424,3.291,3.138,2.982,2.889,2.886,2.867,2.855,2.833,2.834,2.836,2.848,2.858,
Syria,2.610,2.657,2.729,2.659,2.637,2.638,2.614,2.610,2.619,2.567,2.469,2.388,2.352,2.222,2.284,2.321,2.287,2.297,2.367,2.375,2.403,2.401,2.410,2.458,2.515,2.581,2.637,2.687,
Albania,3.626,3.846,3.767,3.694,3.566,3.743,4.018,4.326,4.581,4.652,4.706,4.927,5.185,5.441,5.672,5.733,5.695,5.589,5.755,5.678,5.717,5.753,5.763,5.810,5.879,5.887,5.881,5.856,
Uruguay,11.811,12.311,12.744,13.588,13.896,14.288,14.634,15.855,17.302,17.803,18.375,18.142,19.258,18.710,18.524,18.344,18.222,19.292,18.480,18.455,18.687,19.406,19.786,19.706,19.528,19.891,19.858,19.768,
Mongolia,13.332,14.105,16.188,17.667,18.644,20.145,20.664,20.760,20.145,19.706,19.930,19.921,20.070,20.156,20.778,21.205,20.956,20.320,19.232,18.814,18.847,18.513,18.203,17.574,16.955,16.748,16.377,16.139,
Rwanda,11.541,11.810,11.952,12.224,13.103,13.034,12.675,12.328,11.782,11.068,10.261,9.525,8.962,8.549,8.237,7.937,7.573,7.241,6.923,6.642,6.477,6.403,6.344,6.297,6.268,6.244,6.181,6.187,
Bolivia,6.308,6.380,6.384,6.456,6.460,6.543,6.503,6.592,6.611,6.622,6.592,6.509,6.527,6.465,6.409,6.302,6.275,6.278,6.223,6.183,6.131,6.063,5.990,5.927,5.859,5.828,5.805,5.789,
Cameroon,7.309,7.517,7.775,7.979,8.185,8.392,8.594,8.809,8.932,8.971,9.014,8.878,8.752,8.624,8.543,8.512,8.493,8.445,8.402,8.386,8.365,8.274,8.164,8.053,7.983,7.897,7.876,7.821,
Congo (Brazzaville),10.211,10.003,10.017,10.073,10.724,10.907,11.154,11.581,10.924,10.992,10.624,9.859,9.390,9.536,9.449,9.391,9.286,9.258,9.237,9.150,9.034,8.839,8.975,9.013,9.079,9.126,9.223,9.416,
Serbia,21.750,20.400,21.445,21.910,22.276,23.020,23.656,24.265,22.746,23.268,23.239,22.589,22.645,22.611,22.396,22.509,21.962,21.344,21.330,21.002,20.078,19.800,19.463,18.839,18.807,18.975,18.252,18.043,
Montenegro,11.042,11.021,11.082,11.175,11.354,11.538,11.775,12.185,12.457,12.678,12.578,12.848,12.937,13.229,13.438,13.798,13.607,13.546,13.430,13.252,12.959,12.767,12.524,12.587,12.534,12.410,12.230,12.237,
Benin,5.610,5.706,5.769,5.820,5.962,6.081,6.202,6.261,6.301,6.327,6.381,6.387,6.391,6.333,6.265,6.180,6.135,6.081,6.046,6.031,6.052,6.098,6.148,6.137,6.095,6.049,6.003,5.988,
Nigeria,5.133,5.140,5.159,5.139,5.123,5.122,5.126,5.126,5.111,5.097,5.100,4.970,4.855,4.708,4.567,4.396,4.334,4.266,4.171,4.133,4.119,4.033,3.977,3.919,3.906,3.891,3.915,3.916,
Togo,5.469,5.611,5.746,5.949,6.167,6.339,6.493,6.724,6.918,6.917,6.985,7.064,7.105,7.232,7.167,7.185,7.195,7.226,7.362,7.395,7.468,7.504,7.506,7.491,7.456,7.451,7.493,7.558,
Laos,14.190,14.132,13.992,13.836,13.657,13.462,13.148,12.858,12.527,11.987,11.412,10.977,10.449,10.035,9.682,9.414,9.188,8.970,8.824,8.642,8.454,8.263,8.153,8.053,7.990,7.927,7.850,7.746,
Afghanistan,7.400,7.332,6.979,6.818,6.839,6.766,6.652,6.584,6.527,6.528,6.536,6.523,6.366,6.247,6.165,6.008,5.925,5.838,5.734,5.631,5.542,5.463,5.393,5.346,5.304,5.289,5.269,5.252,
Ukraine,22.596,24.521,27.010,29.246,32.504,37.099,37.346,35.946,33.843,34.909,35.803,34.141,33.723,32.594,32.668,32.482,30.429,31.704,31.310,26.513,24.615,23.762,24.187,24.992,24.798,34.051,33.276,30.610,
Slovakia,16.540,16.325,16.133,15.428,14.869,14.891,14.440,15.102,15.634,15.459,15.222,15.115,15.235,15.106,14.384,14.485,14.020,14.271,14.611,14.295,13.978,13.953,13.787,13.343,13.282,13.482,12.740,12.447,
Pakistan,3.487,3.720,4.000,4.144,4.280,4.567,4.702,4.784,4.812,4.835,4.878,4.909,4.928,4.931,4.907,4.891,4.749,4.620,4.566,4.483,4.400,4.370,4.361,4.346,4.365,4.315,4.284,4.241,
Bulgaria,17.681,17.901,19.305,20.022,21.245,21.571,21.786,22.650,22.074,20.671,20.712,19.920,19.011,17.864,17.100,16.497,16.056,15.334,14.903,14.392,14.002,13.717,13.429,13.098,13.590,13.626,13.883,14.106,
Austria,24.770,24.774,24.157,23.967,23.529,23.272,22.666,21.388,20.895,20.546,20.442,19.881,19.700,19.212,18.702,18.359,17.592,17.481,17.120,17.759,17.686,17.427,17.202,17.043,16.968,16.905,16.419,16.172,
Hungary,41.047,39.429,40.141,39.157,37.440,35.831,33.186,32.302,32.912,32.758,30.455,28.773,28.330,27.910,27.130,27.140,26.357,26.445,25.621,25.628,24.968,24.313,23.896,22.573,22.047,23.201,21.247,20.823,
Niger,3.990,3.990,4.057,4.105,4.128,4.175,4.148,4.167,4.153,4.130,4.104,4.061,3.950,3.858,3.749,3.702,3.659,3.592,3.520,3.493,3.466,3.470,3.455,3.459,3.481,3.501,3.521,3.521,
Luxembourg,19.625,19.448,19.256,19.335,19.269,18.886,18.416,17.828,16.893,16.078,15.527,15.181,15.064,14.468,14.236,13.675,13.489,12.948,12.429,12.228,12.122,12.083,11.938,11.709,11.845,11.906,11.738,11.674,
Andorra,13.044,13.152,13.204,13.107,12.892,12.619,12.424,12.476,12.325,12.180,11.978,11.878,11.755,11.719,11.717,11.499,11.374,11.273,11.177,11.098,10.990,10.695,10.628,10.548,10.318,10.210,10.210,10.237,
Ivory Coast,6.607,6.742,6.932,7.250,7.531,7.785,7.936,8.012,8.122,8.169,8.183,8.120,8.066,8.077,8.097,8.092,8.090,8.006,7.882,7.792,7.769,7.778,7.824,7.840,7.849,7.811,7.745,7.674,
Liberia,7.112,7.131,7.147,7.379,7.599,7.316,7.689,7.487,7.391,7.111,6.881,6.803,6.931,7.064,7.146,7.174,7.096,7.005,6.966,7.041,7.037,7.006,7.178,7.244,7.150,7.146,7.170,7.187,
Sierra Leone,4.967,5.051,5.174,5.194,5.241,5.367,5.435,5.659,5.783,5.813,5.828,5.851,5.910,5.884,5.880,5.868,5.864,5.869,5.821,5.857,5.926,5.848,5.907,5.846,5.814,5.803,5.795,5.790,
Brunei,3.532,3.482,3.402,3.302,3.258,3.161,3.085,3.106,3.194,3.247,3.365,3.521,3.726,3.945,4.155,4.375,4.574,4.796,4.992,5.222,5.409,5.560,5.718,5.880,5.989,6.054,6.159,6.344,
Belgium,21.732,21.727,22.420,23.001,23.402,23.518,23.096,23.129,22.709,22.566,22.986,22.754,22.354,21.856,21.055,21.002,20.389,20.687,21.092,21.030,20.818,21.071,20.951,20.444,19.751,19.625,19.020,18.834,
Iraq,5.899,6.153,6.443,6.719,6.920,7.159,7.334,7.526,7.184,7.105,7.328,6.943,7.069,6.697,6.359,6.038,5.697,5.407,5.093,4.903,4.727,4.487,4.278,4.190,3.961,3.670,3.516,3.495,
Georgia,5.178,5.222,5.419,5.511,5.374,5.481,5.648,5.858,6.297,6.419,6.162,6.084,6.185,5.915,5.993,5.502,5.414,5.725,6.520,7.216,7.490,7.681,7.948,8.366,9.015,9.371,9.336,9.352,
Gambia,4.307,4.343,4.382,4.423,4.493,4.595,4.730,4.822,4.902,4.970,5.046,5.175,5.281,5.339,5.377,5.420,5.427,5.417,5.372,5.377,5.356,5.409,5.474,5.510,5.544,5.570,5.587,5.591,
Switzerland,25.506,26.174,25.559,24.764,24.649,23.230,21.791,21.581,21.297,20.511,20.986,20.543,20.581,20.087,19.454,18.994,18.579,18.067,17.302,16.815,15.946,15.346,15.157,15.013,14.410,13.973,13.341,13.185,
Chad,4.887,4.734,4.815,4.964,4.938,4.952,5.285,5.516,5.694,5.871,5.959,5.983,5.936,5.982,5.853,5.725,5.609,5.616,5.579,5.541,5.590,5.528,5.456,5.347,5.286,5.240,5.216,5.198,
Lebanon,4.367,4.382,4.440,4.502,4.545,4.572,4.577,4.581,4.560,4.513,4.487,4.436,4.396,4.382,4.397,4.416,4.415,4.442,4.478,4.519,4.531,4.600,4.658,4.771,4.802,4.777,4.764,4.765,
Djibouti,4.583,4.739,4.989,5.137,5.270,5.414,5.536,5.580,5.590,5.509,5.409,5.331,5.314,5.329,5.379,5.411,5.412,5.398,5.367,5.348,5.344,5.338,5.346,5.356,5.386,5.416,5.450,5.475,
Eritrea,10.046,10.997,11.177,11.293,11.561,11.929,11.999,11.848,11.637,11.319,11.021,10.918,10.769,10.731,10.571,10.497,10.441,10.366,10.281,10.180,10.088,9.987,9.896,9.813,9.740,9.690,9.636,9.568,
Burundi,10.894,10.782,10.827,10.910,10.706,10.814,10.887,10.618,10.208,9.715,9.282,8.755,8.389,8.102,7.930,7.784,7.458,7.232,6.992,6.758,6.691,6.685,6.630,6.531,6.475,6.462,6.401,6.397,
Suriname,21.230,21.980,22.590,23.674,23.430,22.165,21.609,22.021,22.332,22.958,23.109,24.028,23.986,24.902,25.375,25.225,25.682,26.230,26.819,26.614,26.586,26.251,25.981,25.753,25.299,25.651,25.506,25.685,
Israel,7.442,8.094,8.579,8.304,8.655,9.083,9.259,9.621,9.333,8.852,8.959,8.815,8.468,8.085,7.775,7.811,7.481,7.340,7.146,7.019,6.977,6.764,6.571,6.418,6.230,6.221,6.091,6.060,
Guinea Bissau,7.399,7.409,7.450,7.493,7.534,7.574,7.617,7.630,7.683,7.691,7.660,7.637,7.637,7.611,7.697,7.610,7.626,7.685,7.659,7.678,7.668,7.644,7.635,7.648,7.635,7.642,7.625,7.578,
Senegal,6.988,6.959,6.976,6.950,7.086,7.125,7.134,7.155,7.165,7.222,7.162,7.159,7.140,7.134,7.184,7.200,7.185,7.205,7.157,7.135,7.174,7.262,7.355,7.446,7.502,7.558,7.596,7.567,
Guinea,5.135,5.161,5.236,5.313,5.420,5.482,5.614,5.680,5.813,5.979,5.990,6.104,6.161,6.140,6.159,6.122,6.312,6.393,6.418,6.467,6.522,6.527,6.495,6.483,6.516,6.473,6.386,6.314,
Poland,14.534,15.594,15.563,15.057,15.447,16.176,16.213,17.398,18.316,19.551,19.258,19.495,19.582,19.632,20.278,20.541,20.702,20.910,21.020,20.905,20.279,20.137,19.915,19.204,18.260,18.260,17.961,17.655,
North Macedonia,8.272,8.260,8.585,8.727,8.515,8.516,8.589,8.637,8.474,8.284,8.549,8.869,9.034,8.858,8.509,8.462,8.716,8.784,8.445,8.520,8.355,8.136,8.257,8.117,8.179,8.604,8.822,8.800,
Paraguay,3.112,3.121,3.360,3.750,3.897,4.058,4.215,4.249,4.362,4.619,4.811,4.870,5.042,5.384,5.746,5.749,5.786,5.633,5.706,5.950,5.855,5.774,5.666,5.849,5.809,5.689,5.692,5.665,
Belarus,22.598,23.985,26.196,30.366,32.268,34.971,35.819,37.754,39.948,41.317,39.545,41.378,43.801,42.751,41.688,42.637,40.550,37.483,37.925,37.379,36.587,36.763,30.697,28.646,26.919,25.316,24.558,24.834,
Latvia,29.872,31.705,35.219,42.488,47.727,45.047,38.262,36.517,37.800,35.276,33.907,34.579,33.400,31.279,29.809,30.454,31.014,29.370,27.286,25.695,24.798,23.596,23.274,23.208,23.052,22.605,22.471,22.514,
Burkina Faso,7.530,7.323,7.251,7.209,7.182,7.178,7.148,7.185,7.230,7.140,7.100,7.003,6.906,6.851,6.798,6.722,6.705,6.648,6.613,6.597,6.722,6.724,6.927,6.992,7.056,7.108,7.159,7.137,
South Sudan,6.619,6.648,6.886,7.091,7.223,7.377,7.360,6.942,6.861,6.603,6.400,5.991,5.793,5.839,5.925,5.909,6.035,6.048,5.969,5.903,5.835,5.719,5.675,5.693,5.735,5.878,5.980,5.990,
Namibia,12.537,12.501,12.640,12.763,13.121,13.605,14.077,14.438,14.983,15.348,15.693,15.505,15.600,15.259,14.754,14.033,13.217,12.490,11.924,11.415,11.023,10.517,10.230,10.057,9.903,9.819,9.794,9.822,
Romania,10.360,10.381,11.236,11.628,12.077,12.606,13.098,13.356,12.834,12.444,12.481,13.083,13.615,13.634,13.212,13.060,12.916,12.764,13.265,13.584,13.624,12.607,12.668,12.417,12.387,12.142,12.030,12.166,
Zimbabwe,10.250,9.914,10.088,10.438,11.231,12.687,13.131,14.170,15.764,17.398,19.407,20.659,22.367,22.731,23.336,23.406,23.192,22.890,22.711,22.214,21.334,20.182,19.322,18.750,18.358,18.222,18.136,17.993,
Cambodia,4.544,4.485,4.448,4.443,4.439,4.439,4.396,4.351,4.322,4.273,4.226,4.193,4.164,4.136,4.123,4.113,4.084,4.074,4.056,4.063,4.064,4.078,4.081,4.083,4.093,4.104,4.111,4.101,
Sudan,4.841,4.857,4.874,4.872,4.876,4.847,4.790,4.738,4.687,4.640,4.595,4.547,4.484,4.388,4.352,4.355,4.317,4.293,4.279,4.263,4.230,4.198,4.190,4.162,4.141,4.119,4.103,4.112,
Mali,4.496,4.423,4.411,4.359,4.356,4.354,4.292,4.183,4.068,3.970,3.911,3.831,3.797,3.719,3.665,3.602,3.573,3.573,3.550,3.552,3.553,3.530,3.507,3.497,3.504,3.535,3.588,3.576,
Bhutan,6.184,6.099,6.074,6.105,6.061,5.977,5.799,5.774,5.694,5.565,5.562,5.481,5.400,5.401,5.372,5.388,5.361,5.350,5.321,5.282,5.243,5.220,5.201,5.186,5.172,5.157,5.146,5.121,
Botswana,11.106,11.158,11.208,11.193,11.147,11.039,10.730,10.437,10.228,10.069,10.097,10.178,10.268,10.329,10.192,9.796,9.396,8.654,8.732,8.774,8.783,8.862,8.810,8.824,8.865,8.866,8.779,8.770,
Moldova,17.847,18.532,17.844,18.509,21.065,22.161,20.928,18.865,18.089,18.688,19.032,19.107,19.227,19.705,20.594,22.107,21.902,21.280,21.207,21.622,21.531,19.150,18.283,17.788,18.338,18.498,17.886,17.451,
Central African Republic,9.845,10.113,10.106,10.374,10.392,10.256,10.493,10.323,10.492,10.631,10.451,10.426,10.525,10.477,10.404,10.410,10.490,10.374,10.263,10.335,10.606,10.707,10.634,10.901,11.015,11.123,11.167,11.204,
New Zealand,14.010,13.954,14.389,14.367,14.212,15.249,15.408,15.406,14.961,14.650,13.765,13.733,13.664,13.733,13.411,13.278,12.985,13.079,12.960,12.780,12.620,12.455,12.392,11.996,11.814,11.760,12.002,12.074,
Cuba,20.708,20.904,21.185,21.362,21.312,20.829,19.778,19.337,19.179,18.548,17.258,16.304,14.993,14.627,14.433,14.429,13.706,13.638,13.839,14.191,14.431,13.849,14.447,14.579,14.627,15.200,15.529,15.741,
Vietnam,7.573,7.573,7.578,7.588,7.608,7.624,7.614,7.582,7.526,7.456,7.396,7.358,7.366,7.426,7.474,7.500,7.515,7.504,7.516,7.559,7.541,7.530,7.545,7.587,7.634,7.675,7.723,7.756,
Tunisia,2.509,2.655,2.776,2.882,2.979,3.061,3.094,3.170,3.247,3.277,3.315,3.337,3.359,3.384,3.391,3.399,3.412,3.405,3.390,3.388,3.390,3.368,3.348,3.333,3.320,3.311,3.301,3.294,
Taiwan,9.307,9.060,8.991,9.174,9.759,10.453,11.443,12.405,13.023,13.754,15.049,16.355,17.239,18.367,19.788,21.454,21.514,20.929,20.404,19.648,19.071,19.251,18.716,17.904,18.048,17.648,18.106,18.469,
Madagascar,8.627,8.526,8.402,8.685,8.236,8.060,8.002,7.848,7.767,7.381,7.149,6.942,6.685,6.666,6.515,6.311,6.175,6.051,6.074,6.140,6.170,6.179,6.136,6.102,6.095,6.106,6.099,6.091,
Iceland,15.183,14.848,14.537,14.133,13.919,13.795,13.714,13.618,13.479,13.227,13.085,12.803,12.505,12.295,12.004,11.786,11.696,11.629,11.606,11.677,11.559,11.447,11.640,11.887,12.054,12.018,12.076,11.824,
Sri Lanka,35.626,33.131,32.993,32.334,34.186,36.916,38.186,40.657,37.975,37.389,36.898,33.608,31.227,30.552,29.023,28.201,26.186,25.191,24.442,22.187,21.121,21.522,21.310,20.503,20.703,20.758,20.887,20.946,
Somalia,5.242,5.537,5.848,6.144,6.382,6.575,6.645,6.660,6.593,6.412,6.229,6.011,5.846,5.708,5.575,5.456,5.392,5.347,5.336,5.310,5.296,5.272,5.220,5.163,5.123,5.097,5.075,5.050,
Egypt,4.217,4.119,4.010,4.184,4.298,4.244,4.364,4.476,4.414,4.415,4.315,4.656,4.860,5.024,5.079,5.090,5.131,4.992,4.990,5.060,5.057,4.993,4.972,4.787,4.741,4.837,4.896,4.929,
Libya,5.073,5.153,5.249,5.347,5.434,5.530,5.532,5.791,5.951,6.086,6.244,6.389,6.375,6.260,6.396,6.403,6.222,6.259,6.936,7.660,8.135,8.726,8.852,8.534,8.570,8.677,8.339,8.372,
Nepal,9.852,9.641,9.359,9.215,8.955,8.702,8.444,8.303,8.136,7.978,7.771,7.507,7.330,7.216,7.153,7.167,7.237,7.359,7.452,7.563,7.658,7.711,7.773,7.815,7.831,7.873,7.843,7.831,
Bermuda,6.369,6.322,6.225,6.061,5.858,5.661,5.435,5.298,5.213,5.055,4.863,4.756,4.664,4.644,4.626,4.605,4.571,4.550,4.579,4.606,4.659,4.626,4.666,4.708,4.654,4.651,4.704,4.742,
Kiribati,24.121,23.964,23.542,25.330,24.547,24.094,24.117,24.133,24.321,24.536,24.715,24.673,24.775,24.824,24.981,25.092,25.351,25.666,25.843,26.088,26.224,26.246,26.191,26.074,25.896,25.693,25.472,25.172,
Marshall Islands,20.977,20.578,20.672,20.396,20.588,21.092,21.188,21.298,21.446,21.853,22.057,22.111,22.576,22.735,22.850,22.918,23.089,22.972,22.848,22.689,22.487,22.284,22.066,21.844,21.640,21.457,21.270,21.099,
Saint Thomas and Principe,1.893,1.917,1.936,1.964,1.980,2.014,2.074,2.115,2.157,2.144,2.154,2.177,2.210,2.293,2.318,2.328,2.360,2.338,2.378,2.416,2.433,2.488,2.615,2.654,2.670,2.674,2.653,2.666,
Samoa,13.414,13.349,13.227,13.089,13.059,12.880,12.639,12.275,11.893,11.542,11.162,10.827,10.529,10.268,10.031,9.811,9.594,9.337,9.121,8.908,8.807,8.689,8.637,8.610,8.616,8.645,8.674,8.683,
Tonga,4.705,4.760,4.692,4.668,4.662,4.591,4.612,4.717,4.816,5.023,5.082,5.116,5.268,5.309,5.312,5.316,5.306,5.333,5.273,5.283,5.386,5.394,5.415,5.437,5.463,5.489,5.498,5.504,
West Bank and Gaza,3.926,3.892,3.839,3.777,3.696,3.621,3.588,3.565,3.540,3.580,3.655,3.672,3.697,3.686,3.668,3.645,3.619,3.571,3.510,3.433,3.347,3.286,3.222,3.182,3.031,3.013,2.998,2.991,
American Samoa,5.915,5.859,5.802,5.786,5.784,5.765,5.740,5.768,5.737,5.664,5.728,5.762,5.750,5.724,5.596,5.453,5.385,5.456,5.570,5.585,5.691,5.775,5.851,5.929,6.013,6.173,6.206,6.258,
Guam,16.475,16.739,16.867,16.965,16.974,17.024,16.972,16.662,16.412,16.209,16.362,16.379,16.381,16.589,16.627,16.850,17.084,17.577,18.147,18.587,19.026,19.338,19.721,19.939,20.267,20.710,20.654,20.597,
Northern Mariana Islands,11.745,11.582,11.293,11.007,10.755,10.580,10.476,10.404,10.305,9.925,9.751,10.223,10.084,10.050,9.870,9.865,9.837,9.957,10.235,10.432,10.587,10.779,10.990,11.210,11.559,12.078,12.378,12.673,
High Income Countries,15.841,15.840,15.818,16.045,16.118,15.999,15.583,15.446,15.472,15.220,14.940,14.940,14.800,14.666,14.470,14.403,14.279,14.271,14.156,14.003,13.819,13.686,13.573,13.404,13.203,13.067,12.903,12.877,
Northern America,35.954,34.546,33.229,32.369,31.419,30.570,29.945,29.477,28.892,28.288,27.599,27.399,27.078,26.798,26.639,26.531,26.257,25.825,25.712,25.564,25.288,24.817,24.535,24.347,24.220,23.052,22.761,22.551,
World,11.200,11.249,11.368,11.608,11.789,11.860,11.733,11.687,11.666,11.608,11.522,11.456,11.393,11.330,11.239,11.211,11.076,10.978,10.890,10.741,10.625,10.510,10.405,10.296,10.215,10.200,10.124,10.097,
Americas,10.790,10.719,10.655,10.731,10.713,10.695,10.619,10.639,10.758,10.647,10.438,10.463,10.438,10.465,10.437,10.379,10.315,10.274,10.311,10.315,10.284,10.228,10.203,10.177,10.148,10.063,10.092,10.106,
Eastern Asia,14.882,15.097,15.664,16.100,16.452,17.106,17.405,17.665,18.202,18.245,18.138,18.050,18.292,18.967,19.438,19.775,19.630,19.738,19.788,20.041,20.141,19.949,19.475,19.026,18.588,18.220,17.927,17.895,
Asia,8.476,8.452,8.550,8.625,8.779,9.016,9.086,9.114,9.068,9.037,9.062,8.950,8.902,8.935,8.976,9.017,8.938,8.856,8.756,8.613,8.564,8.505,8.404,8.268,8.171,8.068,8.026,8.023,
Lower Middle Income Countries,9.385,9.372,9.444,9.545,9.698,9.893,9.907,9.942,9.856,9.860,9.885,9.764,9.716,9.678,9.672,9.667,9.556,9.516,9.445,9.256,9.171,9.118,9.084,9.027,8.985,9.108,9.045,8.949,
Southern Asia,11.518,11.143,11.062,10.875,10.986,11.224,11.211,11.461,11.101,10.986,10.856,10.363,9.956,9.746,9.504,9.436,9.196,9.081,9.005,8.739,8.641,8.652,8.523,8.333,8.297,8.205,8.202,8.191,
Middle Income Countries,9.625,9.690,9.893,10.168,10.432,10.611,10.605,10.606,10.566,10.648,10.694,10.609,10.606,10.584,10.551,10.558,10.387,10.220,10.144,9.962,9.856,9.724,9.590,9.493,9.469,9.525,9.481,9.444,
Western Europe,21.178,21.252,21.038,21.009,20.818,20.466,19.977,19.522,19.062,18.639,18.538,18.223,18.095,17.746,17.147,16.849,16.444,16.226,16.112,16.173,16.019,15.901,15.725,15.540,15.198,15.191,14.914,14.786,
European Union,19.741,19.994,20.271,20.987,21.352,21.059,20.227,19.933,19.793,19.359,18.912,18.795,18.408,17.969,17.448,17.222,17.021,16.963,16.610,16.239,15.849,15.609,15.476,15.186,14.874,14.814,14.518,14.463,
Europe,19.215,19.530,19.989,20.919,21.521,21.456,20.713,20.359,20.163,20.050,19.791,19.671,19.446,19.070,18.647,18.585,18.152,17.919,17.618,17.121,16.699,16.320,15.997,15.739,15.485,15.598,15.276,15.140,
Upper Middle Income Countries,9.638,9.786,10.147,10.612,10.999,11.179,11.168,11.150,11.137,11.280,11.336,11.278,11.313,11.313,11.269,11.296,11.076,10.784,10.685,10.518,10.402,10.194,9.968,9.832,9.819,9.798,9.773,9.799,
Southern Europe,13.005,13.166,13.348,13.475,13.281,13.127,13.171,13.223,12.962,12.854,12.641,12.576,12.479,12.500,12.151,12.014,11.904,11.850,11.728,11.513,11.257,11.119,11.159,11.024,10.940,11.046,10.849,10.826,
Latin America & Caribbean,7.697,7.784,7.870,8.055,8.150,8.231,8.224,8.303,8.505,8.460,8.313,8.366,8.375,8.438,8.428,8.376,8.341,8.351,8.409,8.438,8.444,8.442,8.454,8.455,8.443,8.495,8.562,8.605,
South America,9.823,9.914,9.965,10.207,10.298,10.492,10.608,10.756,11.123,11.175,10.947,11.187,11.432,11.537,11.504,11.441,11.513,11.649,11.677,11.763,11.861,11.928,11.969,11.835,11.664,11.643,11.616,11.602,
Australia & New Zealand,13.981,13.890,14.114,13.917,14.078,14.653,14.879,15.020,14.845,14.457,13.726,13.392,13.142,12.985,12.671,12.499,12.295,12.517,12.563,12.514,12.458,12.321,12.217,12.060,12.231,12.379,12.391,12.417,
Oceania,15.146,15.074,15.013,15.029,14.928,14.943,14.904,14.860,14.751,14.658,14.523,14.454,14.412,14.389,14.287,14.256,14.237,14.317,14.380,14.373,14.407,14.389,14.380,14.335,14.360,14.417,14.382,14.349,
South-Eastern Asia,8.559,8.510,8.409,8.313,8.356,8.443,8.379,8.067,7.922,7.793,7.660,7.436,7.326,7.177,7.000,6.844,6.770,6.711,6.714,6.660,6.640,6.612,6.605,6.574,6.611,6.662,6.704,6.747,
Northern Europe,22.757,23.225,23.646,25.337,26.556,26.132,24.294,23.569,23.532,22.833,22.271,22.293,21.493,20.595,20.127,19.896,19.821,19.768,18.987,18.215,17.555,17.226,16.950,16.837,16.422,15.991,15.826,15.812,
Caribbean,6.869,6.899,6.976,7.129,7.115,7.113,7.027,6.963,7.041,6.906,6.720,6.644,6.499,6.507,6.550,6.555,6.465,6.496,6.641,6.673,6.660,6.651,6.729,6.857,6.910,7.039,7.157,7.243,
Sub-Saharan Africa,7.860,7.898,7.981,8.055,8.174,8.269,8.324,8.353,8.389,8.363,8.370,8.272,8.257,8.238,8.194,8.113,8.049,7.945,7.879,7.810,7.746,7.673,7.637,7.599,7.591,7.597,7.585,7.579,
Western Africa,5.810,5.834,5.892,5.971,6.078,6.145,6.235,6.291,6.332,6.331,6.323,6.354,6.376,6.389,6.403,6.394,6.409,6.403,6.398,6.429,6.476,6.498,6.547,6.565,6.576,6.590,6.607,6.606,
Eastern Africa,8.367,8.458,8.581,8.727,8.852,8.988,8.987,8.917,8.850,8.692,8.543,8.359,8.281,8.143,8.077,7.986,7.900,7.799,7.706,7.629,7.540,7.466,7.386,7.305,7.290,7.297,7.280,7.272,
Africa,7.617,7.653,7.732,7.803,7.915,8.002,8.054,8.089,8.125,8.110,8.123,8.035,8.023,7.996,7.953,7.870,7.797,7.690,7.633,7.575,7.515,7.446,7.402,7.347,7.332,7.334,7.309,7.297,
Western Asia,4.300,4.371,4.474,4.524,4.596,4.677,4.708,4.740,4.728,4.741,4.763,4.746,4.745,4.714,4.776,4.808,4.848,4.896,4.937,4.971,4.969,4.950,4.957,4.945,4.941,4.924,4.895,4.887,
Melanesia,17.897,17.837,17.712,17.577,17.386,17.231,17.064,16.971,16.786,16.723,16.622,16.506,16.427,16.398,16.282,16.256,16.213,16.197,16.193,16.061,16.042,15.978,15.910,15.799,15.692,15.605,15.509,15.430,
Eastern Europe,21.627,22.178,23.541,25.409,27.031,27.724,26.932,26.521,26.461,27.203,27.094,26.886,27.041,26.684,26.341,26.749,25.474,24.795,24.662,23.692,23.124,22.201,21.231,20.598,20.352,21.165,20.447,20.013,
Central Asia,10.604,10.713,11.080,11.731,12.282,12.964,13.381,13.513,13.549,13.668,14.453,14.933,15.215,15.663,16.190,16.593,16.456,15.757,14.750,13.633,13.300,13.051,12.797,12.419,11.943,11.452,11.363,11.323,
Southern Africa,14.203,14.104,14.259,14.026,14.228,14.334,14.530,15.122,15.704,16.275,17.308,17.250,17.740,18.082,18.055,17.745,17.348,16.738,16.486,15.932,15.444,14.903,14.641,14.493,14.398,14.347,14.178,14.046,
Low Income Countries,7.016,7.093,7.155,7.256,7.340,7.391,7.434,7.386,7.344,7.214,7.085,6.951,6.847,6.779,6.712,6.638,6.579,6.523,6.475,6.445,6.444,6.422,6.410,6.395,6.382,6.388,6.391,6.392,
Central America,5.957,6.138,6.291,6.447,6.741,6.796,6.744,6.969,7.141,7.106,7.150,7.150,7.072,7.167,7.100,6.966,6.865,6.651,6.601,6.538,6.438,6.347,6.200,6.182,6.293,6.321,6.439,6.492,
Northern Africa,4.591,4.634,4.680,4.784,4.873,4.920,4.988,5.114,5.162,5.243,5.281,5.379,5.405,5.374,5.389,5.379,5.334,5.307,5.403,5.520,5.577,5.627,5.608,5.489,5.458,5.458,5.367,5.360,
Middle Africa,7.671,7.687,7.707,7.763,7.852,7.910,7.957,7.884,7.874,7.801,7.692,7.515,7.341,7.340,7.229,7.144,7.132,7.072,7.034,7.016,6.993,6.961,6.963,6.959,6.972,6.986,7.003,7.046,
Micronesia,NaN,NaN,NaN,NaN,NaN,NaN,NaN,NaN,NaN,NaN,NaN,NaN,NaN,NaN,NaN,NaN,NaN,NaN,NaN,NaN,NaN,NaN,NaN,NaN,NaN,NaN,NaN,NaN,
Polynesia,NaN,NaN,NaN,NaN,NaN,NaN,NaN,NaN,NaN,NaN,NaN,NaN,NaN,NaN,NaN,NaN,NaN,NaN,NaN,NaN,NaN,NaN,NaN,NaN,NaN,NaN,NaN,NaN,
