country_name, 1991,1992,1993,1994,1995,1996,1997,1998,1999,2000,2001,2002,2003,2004,2005,2006,2007,2008,2009,2010,2011,2012,2013,2014,2015,2016,2017,2018,2019,2020,2021,2022,
United States,6.800,7.500,6.900,6.119,5.650,5.451,5.000,4.511,4.219,3.992,4.731,5.783,5.989,5.529,5.084,4.623,4.622,5.784,9.254,9.633,8.949,8.069,7.375,6.168,5.280,4.869,4.355,3.896,3.669,8.055,5.349,3.650,
Japan,2.059,2.158,2.539,2.890,3.150,3.383,3.374,4.078,4.677,4.748,5.020,5.386,5.251,4.734,4.446,4.192,3.888,4.002,5.068,5.103,4.550,4.358,4.038,3.589,3.385,3.132,2.822,2.467,2.351,2.809,2.828,2.600,
India,6.850,6.853,6.859,6.828,6.990,7.147,7.335,7.517,7.682,7.856,8.039,8.248,8.397,8.551,8.697,8.614,8.534,8.486,8.406,8.318,8.222,8.156,8.088,7.992,7.894,7.800,7.723,7.652,6.510,7.859,6.380,4.822,
France,9.134,10.203,11.321,12.593,11.834,12.367,12.566,12.074,11.981,10.218,8.610,8.702,8.307,8.914,8.882,8.833,8.009,7.386,9.122,9.279,9.228,9.841,9.913,10.273,10.354,10.057,9.410,9.018,8.415,8.010,7.874,7.308,
China,2.370,2.370,2.690,2.900,3.000,3.120,3.230,3.240,3.250,3.260,3.800,4.240,4.580,4.490,4.520,4.430,4.350,4.590,4.720,4.530,4.550,4.580,4.600,4.630,4.650,4.560,4.470,4.310,4.560,5.000,4.550,4.980,
Portugal,3.919,3.985,5.301,6.709,7.064,7.298,6.571,4.640,4.579,3.806,3.829,4.497,6.132,6.319,7.582,7.649,7.966,7.553,9.432,10.771,12.682,15.531,16.188,13.897,12.447,11.068,8.869,6.994,6.464,6.796,6.577,6.011,
Ecuador,4.332,4.291,4.367,4.373,4.372,4.387,4.389,4.350,4.642,4.800,4.252,4.825,5.662,5.002,3.779,3.550,3.142,3.917,4.608,4.088,3.458,3.235,3.083,3.480,3.616,4.597,3.836,3.530,3.812,6.127,4.552,3.761,
Australia,9.586,10.733,10.879,9.724,8.473,8.509,8.367,7.684,6.876,6.288,6.747,6.375,5.933,5.399,5.036,4.785,4.381,4.242,5.565,5.214,5.083,5.225,5.663,6.078,6.055,5.711,5.592,5.300,5.159,6.456,5.116,3.701,
Philippines,3.770,3.882,3.897,3.796,3.710,3.637,3.618,3.712,3.758,3.770,3.698,3.615,3.527,3.554,3.795,4.052,3.434,3.720,3.858,3.605,3.592,3.504,3.497,3.600,3.068,2.695,2.552,2.338,2.237,2.522,3.398,2.598,
Spain,15.929,17.697,22.156,24.209,22.675,22.142,20.698,18.673,15.475,13.785,10.348,11.146,11.283,11.090,9.146,8.452,8.232,11.255,17.857,19.860,21.391,24.788,26.094,24.442,22.058,19.635,17.224,15.255,14.104,15.532,14.781,12.917,
Maldives,0.795,0.796,0.792,0.791,0.790,1.023,1.257,1.491,1.728,1.970,3.062,4.142,5.201,6.256,7.394,8.478,9.537,10.515,11.697,10.851,10.010,9.142,8.298,7.461,6.612,5.770,5.376,4.959,4.562,5.404,5.021,4.424,
United Kingdom,8.550,9.772,10.346,9.648,8.694,8.189,7.072,6.198,6.042,5.558,4.696,5.037,4.807,4.594,4.751,5.350,5.262,5.615,7.537,7.787,8.038,7.885,7.525,6.110,5.301,4.810,4.330,3.996,3.737,4.472,4.826,3.730,
Greece,7.572,8.927,10.177,9.808,10.117,10.402,10.472,12.227,12.138,11.345,10.764,10.346,9.839,10.628,10.074,8.906,8.351,7.664,9.546,12.719,17.973,24.731,27.686,26.708,24.981,23.514,21.414,19.179,17.045,15.899,14.657,12.426,
Denmark,9.099,9.027,10.719,8.036,6.992,6.844,5.400,5.039,5.142,4.476,4.164,4.274,5.398,5.204,4.830,3.897,3.801,3.683,6.409,7.747,7.769,7.798,7.384,6.925,6.278,5.989,5.833,5.131,5.018,5.637,5.043,4.434,
Puerto Rico,16.180,16.930,16.910,14.600,13.930,13.640,13.800,13.460,11.810,10.080,11.400,11.940,11.780,10.310,11.350,11.010,10.930,11.480,15.000,16.100,15.700,14.500,14.300,13.900,12.000,11.800,10.800,9.200,8.300,8.890,7.900,6.000,
Virgin Islands (U.S.),11.989,12.271,12.446,12.247,11.811,11.699,11.465,11.247,10.869,10.469,10.583,10.817,11.119,10.772,10.701,10.169,9.935,10.008,11.300,11.501,11.778,11.840,12.274,12.360,12.146,12.247,11.955,12.137,12.259,14.836,13.932,12.669,
Canada,10.316,11.197,11.377,10.395,9.489,9.620,9.101,8.279,7.583,6.829,7.219,7.665,7.574,7.185,6.758,6.484,6.156,6.284,8.460,8.178,7.637,7.392,7.143,7.023,6.945,7.038,6.426,5.837,5.690,9.657,7.527,5.280,
Argentina,5.440,6.360,10.100,11.760,18.800,17.110,14.820,12.650,14.050,15.000,17.320,19.590,15.360,13.522,11.506,10.078,8.470,7.837,8.645,7.714,7.180,7.217,7.100,7.268,7.580,8.083,8.347,9.221,9.843,11.461,8.736,6.805,
Chile,5.230,4.350,4.490,5.870,4.700,7.414,7.136,7.307,11.158,10.491,10.390,10.168,9.765,10.162,9.340,9.024,8.427,9.285,11.313,8.547,7.492,6.790,6.361,6.761,6.605,6.926,7.290,7.647,7.533,11.006,9.325,8.299,
Cape Verde,13.539,13.459,13.327,13.021,12.977,12.945,13.102,13.146,13.161,13.116,13.313,13.434,13.635,13.493,13.471,13.408,13.325,13.331,13.517,10.670,10.947,11.137,11.386,11.670,11.905,12.075,12.240,12.170,12.118,14.660,13.906,12.272,
Jamaica,6.281,6.438,6.284,6.388,6.378,6.675,6.758,6.915,6.875,6.807,6.686,6.654,6.563,6.562,6.596,6.619,6.614,6.666,7.314,7.630,8.034,8.695,9.698,9.046,8.824,8.634,7.399,5.470,4.987,6.501,5.188,4.083,
Oman,4.148,4.258,4.106,4.170,4.262,4.345,4.278,4.342,4.417,4.396,4.337,4.374,4.653,4.756,4.640,4.391,4.300,4.142,3.991,3.925,3.928,3.727,3.516,3.430,3.392,3.266,2.524,1.800,2.052,2.940,1.900,1.514,
Saint Vincent and Grenadines,19.770,19.541,19.660,19.958,19.984,20.328,20.106,20.503,20.524,20.792,21.100,20.617,19.967,19.524,19.449,19.150,18.927,18.790,19.378,19.951,20.030,19.846,19.347,19.229,19.121,19.010,18.988,18.968,19.220,20.563,20.279,19.510,
Solomon Islands,1.976,1.864,1.842,1.816,1.849,1.880,2.003,2.136,2.170,2.402,2.583,2.635,2.256,2.015,1.879,1.915,1.975,1.996,2.020,1.622,1.297,0.987,0.694,0.728,0.735,0.735,0.727,0.723,0.746,0.852,0.866,1.579,
Saint Lucia,16.528,16.544,16.800,17.000,15.830,16.330,20.470,21.600,18.090,16.490,18.556,20.390,22.180,20.970,18.700,16.000,14.000,12.720,15.370,17.116,18.860,19.060,22.210,21.592,20.851,19.928,19.136,19.329,15.613,25.225,20.514,15.934,
Norway,5.407,5.910,5.965,5.349,6.307,5.036,4.687,3.737,3.247,3.458,3.738,4.022,4.221,4.256,4.381,3.399,2.493,2.550,3.103,3.521,3.215,3.123,3.423,3.484,4.296,4.679,4.162,3.800,3.687,4.422,4.369,3.233,
Bahrain,1.130,1.042,0.943,1.080,1.117,1.254,1.196,1.179,1.174,1.138,1.171,1.184,1.165,1.094,1.044,1.039,1.019,1.024,1.074,1.130,1.209,1.200,1.182,1.146,1.166,1.195,1.196,1.202,1.226,1.767,1.551,1.326,
Indonesia,2.617,2.734,2.782,4.366,4.611,4.861,4.684,5.459,6.358,6.078,6.082,6.604,6.658,7.303,7.945,7.551,8.060,7.209,6.106,5.614,5.153,4.468,4.336,4.049,4.514,4.301,3.783,4.387,3.590,4.255,3.827,3.462,
Mauritius,9.541,9.473,9.529,9.531,9.590,9.502,9.383,9.260,9.275,9.132,9.140,8.205,8.314,8.337,9.524,9.040,8.475,7.170,7.257,7.654,7.447,7.472,7.322,7.467,7.410,6.814,6.752,6.427,6.331,8.627,7.719,6.322,
Sweden,3.243,5.722,9.330,9.580,8.897,9.547,10.359,8.941,7.607,5.466,4.730,4.965,5.555,6.693,7.486,7.066,6.161,6.235,8.351,8.610,7.804,7.976,8.052,7.954,7.432,6.990,6.718,6.365,6.833,8.291,8.722,7.392,
Russia,5.133,5.181,5.883,8.131,9.449,9.665,11.813,13.261,13.036,10.581,8.978,7.875,8.210,7.763,7.124,7.055,6.002,6.205,8.301,7.369,6.536,5.436,5.458,5.160,5.571,5.559,5.212,4.846,4.496,5.589,4.715,3.867,
Trinidad and Tobago,18.520,19.660,19.810,18.440,17.220,16.250,15.010,14.210,13.120,12.100,10.880,10.390,10.480,8.330,7.950,6.270,5.540,4.630,5.280,4.033,3.425,3.718,2.683,2.477,2.428,3.207,3.385,3.490,3.523,4.206,4.446,4.383,
Brazil,6.896,7.086,6.030,6.578,7.092,8.035,9.003,10.150,11.125,10.892,10.649,10.641,11.169,10.072,10.551,9.692,9.280,8.268,9.419,8.424,7.578,7.251,7.071,6.755,8.538,11.580,12.792,12.330,11.936,13.697,13.159,9.231,
Bahamas,12.170,14.810,12.720,13.830,10.830,11.460,9.760,7.650,7.450,7.235,6.870,9.050,10.840,10.200,10.200,7.540,7.880,8.180,14.250,14.431,14.520,14.020,16.180,13.800,12.000,12.700,9.800,10.000,10.011,12.804,11.694,9.870,
Fiji,4.633,4.657,4.710,4.623,4.674,4.649,4.741,4.758,4.709,4.705,4.698,4.770,4.739,4.700,3.886,3.957,4.103,4.182,4.302,4.342,4.406,4.375,4.356,4.325,4.292,4.320,4.328,4.340,4.380,4.623,4.678,4.481,
Barbados,22.308,22.940,24.540,22.980,19.660,14.710,14.610,12.400,10.610,9.350,9.850,10.320,11.000,9.570,9.080,8.730,7.410,8.120,10.020,10.690,11.190,11.590,11.550,12.170,9.803,8.247,8.622,8.322,8.413,9.756,9.417,8.493,
Italy,10.097,9.321,10.212,11.086,11.661,11.864,11.985,12.117,11.681,10.834,9.599,9.211,8.869,7.866,7.731,6.777,6.076,6.723,7.749,8.363,8.359,10.655,12.149,12.683,11.896,11.688,11.211,10.610,9.952,9.164,9.497,8.069,
Malta,6.357,6.353,6.349,6.346,6.342,6.339,6.335,6.331,6.328,6.324,7.107,6.902,7.488,7.317,6.923,6.798,6.472,5.977,6.896,6.861,6.388,6.203,6.115,5.737,5.389,4.694,4.008,3.665,3.627,4.357,3.403,2.929,
Papua New Guinea,2.839,2.651,2.422,2.454,2.633,2.751,2.870,2.871,2.943,2.920,2.801,2.754,2.627,2.524,2.386,2.286,2.171,2.168,2.088,2.002,2.620,2.627,2.682,2.524,2.487,2.453,2.544,2.604,2.599,2.814,2.906,2.689,
Vanuatu,8.009,7.982,8.326,8.145,8.198,8.153,8.287,8.285,8.352,8.321,8.470,8.654,8.710,8.465,8.132,8.006,6.852,5.658,4.565,4.683,4.819,4.949,5.057,5.150,5.255,5.262,5.288,5.326,5.445,4.046,4.734,5.171,
Singapore,2.180,3.090,3.070,3.030,3.300,3.570,2.500,3.410,4.850,3.700,3.760,5.650,5.930,5.840,5.590,4.480,3.900,3.960,5.860,4.120,3.890,3.720,3.860,3.740,3.790,4.080,4.200,3.613,3.100,4.100,4.640,3.591,
Cyprus,3.000,2.090,2.700,2.700,2.600,3.100,3.400,3.300,5.532,4.766,4.043,3.336,4.153,4.770,5.481,4.593,3.946,3.756,5.594,6.360,7.942,12.097,16.131,16.277,15.026,13.006,11.155,8.504,7.155,7.755,7.513,6.807,
Comoros,4.834,4.550,4.597,4.593,4.709,4.813,4.584,4.636,4.558,4.402,4.379,4.369,4.565,4.571,4.597,4.622,4.688,4.699,4.724,4.692,4.726,4.767,4.790,4.880,4.972,5.042,5.040,5.018,5.100,5.884,5.857,5.854,
Armenia,1.600,1.800,5.300,6.600,6.700,9.300,10.800,9.400,11.200,11.097,10.995,10.872,10.757,10.666,10.577,10.491,10.394,10.657,10.993,11.279,11.534,11.704,11.948,12.201,12.468,12.732,12.968,13.212,12.200,12.180,10.012,8.608,
Azerbaijan,0.900,1.800,4.500,6.300,7.200,8.100,9.100,10.000,10.900,11.780,10.910,10.040,9.170,7.990,7.260,6.620,6.330,5.860,5.740,5.630,5.420,5.190,4.970,4.910,4.960,5.000,5.000,4.900,5.000,7.240,6.040,5.650,
Tajikistan,1.900,2.100,6.200,8.800,10.300,13.400,13.900,16.500,15.400,14.972,14.566,14.148,13.751,13.364,12.995,12.627,12.254,11.869,11.500,10.844,10.187,9.519,8.860,8.206,7.554,6.900,6.900,6.898,6.898,7.176,7.253,6.981,
Uzbekistan,1.900,2.900,4.900,7.300,7.800,10.700,10.900,13.300,13.300,12.286,11.254,10.224,9.185,8.126,7.074,6.026,4.990,4.890,5.040,5.360,4.960,4.870,4.860,5.090,5.150,5.160,5.830,5.391,4.945,5.293,5.345,4.535,
Lesotho,15.449,15.405,15.531,15.587,15.771,15.681,15.796,15.887,16.145,16.143,16.050,16.045,16.019,16.121,15.994,16.020,15.905,15.812,16.089,16.044,16.098,15.733,15.907,16.056,16.223,16.139,16.391,16.637,16.876,18.351,18.129,16.668,
Bangladesh,2.200,2.253,2.320,2.381,2.446,2.510,2.699,2.891,3.082,3.270,3.614,3.967,4.320,4.294,4.250,3.591,4.045,4.516,5.000,3.379,3.730,4.075,4.426,4.406,4.382,4.350,4.372,4.532,4.693,5.828,5.815,5.247,
Kyrgyzstan,1.000,1.100,1.223,1.340,1.435,1.512,1.577,1.666,1.768,1.873,1.966,2.070,2.165,2.260,2.358,2.462,2.558,2.639,2.738,2.856,2.962,3.070,3.146,3.253,3.346,3.466,3.568,3.673,4.252,4.630,4.096,4.055,
Mexico,3.145,3.235,3.365,4.436,7.095,5.465,4.235,3.733,2.598,2.646,2.627,3.003,3.455,3.937,3.558,3.566,3.628,3.874,5.356,5.303,5.175,4.892,4.921,4.819,4.311,3.853,3.419,3.275,3.477,4.441,4.019,3.256,
Morocco,13.590,13.850,14.076,13.917,14.089,13.434,14.040,13.411,13.940,13.580,12.460,11.590,11.920,10.830,11.010,9.670,9.560,9.570,8.960,9.090,8.910,8.990,9.230,9.700,9.460,9.300,9.229,9.282,9.210,11.203,10.539,9.530,
Colombia,10.120,9.440,7.800,8.250,8.720,11.810,12.140,15.000,20.060,20.520,15.040,14.481,13.221,13.717,11.062,11.091,11.204,11.273,12.066,11.153,10.288,9.959,9.246,8.799,8.572,8.922,9.086,9.360,10.280,15.983,13.898,10.547,
Tanzania,3.600,3.680,3.881,3.847,3.659,3.466,3.336,3.279,3.215,3.127,2.994,3.021,3.051,3.104,3.192,3.299,3.024,2.775,2.500,3.029,3.470,3.223,2.930,2.125,2.162,2.237,2.313,2.409,2.518,2.781,2.806,2.609,
Saudi Arabia,7.290,7.200,7.075,6.880,6.440,5.845,5.322,4.769,4.346,4.570,4.618,5.265,5.563,5.822,6.051,6.254,5.734,5.085,5.377,5.550,5.770,5.622,5.600,5.877,5.600,5.600,5.890,6.029,5.636,7.450,6.621,5.589,
Qatar,0.870,0.870,0.870,0.870,0.870,0.870,0.870,0.870,0.870,0.870,0.870,0.870,0.870,0.870,0.870,0.870,0.520,0.310,0.310,0.450,0.560,0.480,0.280,0.200,0.170,0.150,0.140,0.110,0.100,0.140,0.140,0.130,
Netherlands,7.285,5.555,6.287,7.159,7.158,6.421,5.511,4.394,3.623,2.725,2.119,2.554,3.593,4.646,5.873,5.002,4.153,3.654,4.347,4.989,4.977,5.821,7.243,7.416,6.873,6.006,4.839,3.831,3.380,3.819,4.210,3.524,
Yemen,8.170,8.114,8.338,8.340,8.987,9.588,10.224,10.830,11.460,11.561,11.725,11.842,12.013,12.131,12.216,12.349,12.483,12.647,12.753,12.778,13.277,13.440,13.638,13.467,17.900,18.382,18.564,17.644,17.303,17.972,18.248,17.515,
United Arab Emirates,1.645,1.730,1.915,1.841,1.800,1.836,1.908,2.071,2.197,2.250,2.442,2.657,2.902,2.964,3.120,2.959,2.925,2.805,2.919,2.789,2.568,2.266,2.074,1.962,1.792,1.640,2.462,2.236,2.331,4.294,3.105,2.873,
Kenya,2.788,2.893,2.970,2.947,2.847,2.777,2.819,2.841,2.877,2.876,2.868,2.903,2.860,2.836,2.739,2.678,2.650,2.752,2.813,2.793,2.706,2.686,2.764,2.768,2.763,2.757,3.540,4.284,5.014,5.621,5.693,5.805,
Turkey,8.210,8.509,8.962,8.577,7.644,6.629,6.841,6.888,7.687,6.495,8.381,10.358,10.542,10.838,10.636,10.227,10.285,10.965,14.026,11.879,9.789,9.210,9.713,9.901,10.304,10.899,10.919,10.956,13.730,13.148,11.969,10.432,
Finland,6.503,11.595,16.201,16.426,17.005,15.572,14.968,13.215,11.693,11.135,10.291,10.423,10.469,10.358,8.384,7.719,6.854,6.369,8.250,8.394,7.781,7.689,8.193,8.663,9.376,8.818,8.640,7.361,6.695,7.759,7.606,6.719,
Malaysia,3.694,3.710,4.110,3.640,3.150,2.520,2.450,3.200,3.430,3.000,3.530,3.480,3.610,3.540,3.530,3.320,3.230,3.320,3.660,3.390,3.050,3.100,3.160,2.880,3.100,3.440,3.410,3.300,3.260,4.540,4.640,3.930,
Panama,6.451,6.298,6.348,6.439,6.510,6.525,6.423,6.297,6.285,6.322,6.429,6.419,6.393,6.171,6.041,5.849,5.743,5.704,5.849,5.873,4.049,3.717,3.707,4.415,4.370,4.758,5.395,5.218,6.332,14.183,10.453,8.202,
Iran,11.100,10.659,10.574,10.449,9.895,9.100,9.690,10.367,11.176,11.699,12.356,12.800,11.528,10.300,11.813,11.519,10.772,10.630,12.113,13.679,12.491,12.275,10.595,10.680,11.166,12.618,12.232,12.195,10.740,9.687,9.282,9.085,
Haiti,7.327,7.405,7.582,7.970,7.560,7.319,6.968,7.159,7.200,8.441,9.744,11.044,12.184,13.458,14.589,15.914,16.800,16.194,15.342,15.255,14.482,14.100,13.639,13.766,13.745,13.888,13.929,13.937,14.133,15.560,15.253,14.719,
Dominican Republic,6.878,6.671,6.305,6.267,6.431,6.480,6.314,6.295,6.305,6.432,7.262,6.779,6.938,6.303,6.587,5.655,5.158,4.764,5.467,5.212,6.087,6.722,7.352,6.719,7.605,7.284,5.832,5.861,6.356,6.126,7.702,5.504,
Croatia,11.140,10.934,10.709,10.332,9.995,9.680,9.710,11.392,13.559,16.064,15.822,15.053,13.924,13.664,12.598,11.130,9.909,8.530,9.202,11.620,13.678,15.935,17.251,17.290,16.175,13.103,11.208,8.432,6.617,7.507,7.608,6.960,
Thailand,2.630,1.350,1.490,1.347,1.100,1.071,0.873,3.404,2.968,2.389,2.600,1.820,1.540,1.510,1.350,1.220,1.180,1.180,1.490,0.622,0.660,0.580,0.249,0.576,0.597,0.688,0.830,0.766,0.716,1.099,1.215,0.940,
Estonia,1.468,3.681,6.544,7.561,9.659,9.915,10.369,9.510,11.573,13.360,13.135,10.026,11.288,10.248,8.033,5.915,4.592,5.455,13.548,16.707,12.328,10.021,8.631,7.352,6.412,6.882,5.807,5.412,4.514,6.956,6.178,5.571,
Congo (Kinshasa),3.213,3.312,3.390,3.345,3.233,3.117,3.140,3.169,3.206,3.224,3.233,3.165,3.050,2.973,2.948,3.173,3.401,3.625,3.879,4.096,4.315,4.485,4.474,4.446,4.456,4.548,4.637,4.661,4.642,5.369,5.273,4.585,
Kuwait,0.888,0.879,0.800,0.700,0.694,0.700,0.700,0.700,0.700,0.800,0.800,1.100,1.300,1.700,1.457,1.300,1.500,1.750,1.640,1.820,2.056,2.234,2.476,2.900,2.200,2.160,2.223,2.198,2.239,3.535,2.997,2.124,
Germany,5.316,6.323,7.675,8.727,8.158,8.822,9.861,9.787,8.854,7.917,7.773,8.482,9.779,10.727,11.167,10.250,8.658,7.525,7.742,6.967,5.825,5.379,5.231,4.981,4.624,4.122,3.746,3.384,3.136,3.856,3.638,3.135,
Ireland,15.771,15.021,15.571,14.544,11.970,11.692,10.192,7.699,5.804,4.318,3.684,4.216,4.478,4.491,4.343,4.415,4.980,6.774,12.609,14.534,15.354,15.451,13.735,11.858,9.908,8.374,6.713,5.741,4.950,5.623,6.194,4.479,
Myanmar (Burma),0.878,0.826,0.801,0.771,0.757,0.762,0.765,0.772,0.762,0.731,0.700,0.685,0.683,0.678,0.670,0.669,0.673,0.684,0.696,0.707,0.723,0.742,0.753,0.749,0.766,1.043,1.356,0.767,0.407,1.476,4.340,2.830,
Equatorial Guinea,7.285,7.487,7.639,7.745,7.787,7.840,7.881,7.933,8.002,8.033,8.160,8.245,8.265,8.166,8.120,8.024,7.974,7.943,8.098,8.292,8.234,8.116,8.039,8.044,8.178,8.232,8.329,8.256,8.367,9.075,9.194,8.746,
Uganda,3.404,3.498,3.445,3.424,3.197,3.182,3.222,3.418,3.454,3.520,3.517,3.500,3.600,2.706,1.900,2.270,2.675,3.049,3.600,3.619,3.528,3.551,1.910,2.404,2.788,3.167,3.643,3.420,3.185,3.914,3.422,2.930,
Kazakhstan,0.900,1.000,1.110,7.540,10.980,12.960,13.010,13.130,13.460,12.750,10.430,9.330,8.780,8.400,8.130,7.790,7.260,6.630,6.550,5.770,5.390,5.290,5.200,5.060,4.930,4.960,4.900,4.850,4.800,4.890,5.556,4.860,
Gabon,17.220,17.701,17.780,17.805,17.414,17.354,17.201,17.184,17.599,17.827,17.801,17.372,17.129,17.104,16.910,17.792,18.258,19.197,19.754,20.390,19.929,19.713,19.788,19.922,19.994,20.165,20.351,20.502,20.426,21.273,21.233,20.501,
South Korea,2.407,2.513,2.878,2.476,2.063,2.048,2.608,6.963,6.342,4.063,3.699,3.046,3.348,3.420,3.482,3.254,3.013,2.959,3.363,3.324,2.992,2.812,2.747,3.082,3.546,3.650,3.653,3.824,3.746,3.931,3.639,2.857,
Timor Leste,3.329,3.292,3.257,3.278,3.300,3.315,3.346,3.408,3.660,3.596,3.483,3.326,3.409,3.498,3.448,3.460,3.409,3.367,3.295,3.301,3.533,3.767,4.011,4.228,4.450,4.657,4.212,3.732,3.129,2.792,2.344,1.537,
Mauritania,9.888,9.954,9.757,9.873,9.674,9.673,9.694,9.863,9.912,9.903,10.002,10.076,9.817,9.696,9.538,9.287,9.455,9.681,10.155,10.054,9.956,9.865,9.931,10.030,10.109,10.286,10.336,10.438,10.416,11.010,11.068,10.602,
Algeria,20.600,24.380,26.230,27.740,31.840,28.315,25.430,26.855,28.545,29.770,27.300,25.900,23.720,17.650,15.270,12.270,13.790,11.330,10.160,9.960,9.960,10.970,9.820,10.207,11.206,10.202,12.000,12.150,12.285,14.040,13.607,12.437,
Peru,4.961,5.098,4.828,4.526,4.737,4.950,4.784,5.110,5.020,4.965,5.067,4.840,4.150,4.710,4.870,4.170,4.080,4.030,3.960,3.600,3.477,3.238,3.575,3.208,3.272,3.741,3.691,3.492,3.379,7.179,5.097,3.850,
Angola,16.468,16.621,17.074,17.105,16.711,16.013,15.928,16.148,16.392,16.502,16.539,16.342,16.370,16.267,16.268,16.121,16.080,16.170,16.392,16.598,16.770,16.557,16.487,16.401,16.491,16.580,16.617,16.599,16.497,16.676,15.799,14.693,
Mozambique,2.825,2.996,2.872,2.856,2.755,2.752,2.700,2.646,2.675,2.831,2.840,2.906,2.869,2.958,3.029,3.027,3.065,3.095,3.182,3.240,3.279,3.305,3.338,3.378,3.426,3.480,3.543,3.602,3.632,3.877,3.984,3.621,
Costa Rica,5.370,3.930,3.950,4.050,5.180,6.160,5.680,5.330,5.900,5.080,6.051,6.396,6.654,6.445,6.749,5.926,4.557,4.934,7.824,7.171,9.518,9.110,8.218,8.499,8.415,8.085,7.729,9.010,10.807,16.432,15.139,11.325,
El Salvador,7.530,7.880,9.940,7.680,7.650,7.680,7.980,7.100,7.300,6.960,6.960,6.200,6.900,6.800,7.220,6.570,6.410,5.880,7.330,4.893,4.297,3.843,3.693,4.154,3.998,4.418,4.385,4.006,4.170,5.008,4.327,2.999,
Guatemala,2.675,2.631,2.593,2.576,2.573,2.623,2.608,2.608,2.566,2.605,2.746,2.748,2.807,2.971,3.060,2.950,2.825,2.874,3.209,3.497,3.171,2.765,3.017,2.717,2.506,2.583,2.462,2.283,2.193,2.953,2.174,3.051,
Belize,9.640,9.657,9.780,11.100,12.480,13.820,12.680,14.310,12.840,10.808,9.070,10.040,10.363,10.601,10.910,9.390,8.510,8.180,8.335,8.424,8.434,8.380,8.349,8.244,7.578,7.000,6.596,7.899,9.053,10.700,10.157,8.724,
Venezuela,9.450,7.690,6.600,8.560,10.240,11.770,11.160,11.150,14.530,13.990,13.040,16.170,16.780,15.070,10.663,8.606,7.279,6.245,6.097,7.112,6.902,6.601,7.540,6.821,6.138,5.319,5.045,5.463,5.887,7.530,7.027,5.747,
Guyana,12.046,11.900,11.668,11.598,11.622,11.602,11.620,11.718,11.785,11.901,11.802,11.810,11.532,11.279,11.066,10.700,10.891,11.111,11.420,11.758,11.977,12.231,12.528,12.887,13.273,13.563,13.813,14.019,13.525,15.701,14.927,12.423,
Honduras,4.580,3.060,3.097,3.136,3.240,4.370,3.320,4.020,3.850,3.881,4.000,4.020,5.300,5.990,4.909,3.575,3.211,3.156,3.292,4.119,4.475,3.755,5.646,7.078,6.147,6.727,5.528,5.622,5.551,10.679,7.940,7.037,
Nicaragua,8.054,7.941,7.960,7.773,7.491,7.164,7.132,7.232,7.197,7.188,7.220,7.523,7.600,6.410,5.370,5.310,4.890,6.200,8.160,7.830,6.617,5.208,5.280,4.520,4.700,3.900,3.300,5.200,5.470,6.167,6.064,4.978,
Malawi,4.876,5.036,4.967,5.333,4.884,4.929,4.690,4.915,4.993,5.034,5.202,5.229,5.151,4.958,4.931,4.950,4.876,4.801,4.740,4.787,4.835,4.951,4.978,4.966,4.950,5.003,5.033,5.003,4.949,5.681,5.585,5.051,
Turkmenistan,1.400,1.500,1.500,4.700,8.300,10.300,11.000,12.200,12.700,11.750,10.898,10.100,9.239,8.367,7.460,6.577,5.705,4.846,4.000,4.000,4.002,3.997,3.999,4.011,4.023,4.034,4.045,4.051,4.055,4.489,4.452,4.121,
Zambia,18.900,19.544,19.700,18.645,16.825,15.300,13.305,12.000,12.496,12.930,13.410,14.125,14.701,15.327,15.900,13.232,10.563,7.930,10.581,13.190,10.546,7.850,8.042,8.131,8.316,8.418,8.518,5.031,5.539,6.032,5.195,5.993,
South Africa,20.105,20.369,20.295,20.073,19.799,19.643,19.679,19.821,19.926,19.841,19.725,19.658,19.728,19.634,19.557,19.425,19.390,19.507,20.512,23.181,21.416,21.786,22.038,22.606,22.869,24.023,23.992,24.218,25.538,24.339,28.770,28.838,
Lithuania,1.100,1.200,13.800,13.800,17.540,16.400,14.130,13.711,13.388,15.931,16.840,13.008,12.875,10.684,8.325,5.780,4.250,5.826,13.785,17.814,15.390,13.365,11.770,10.698,9.120,7.862,7.073,6.147,6.255,8.487,7.112,5.956,
Ethiopia,3.259,3.382,3.236,3.100,3.021,3.137,3.245,3.489,3.714,3.502,3.174,3.061,3.002,2.771,2.497,2.346,2.344,2.333,2.331,2.299,2.274,2.255,2.251,2.364,2.450,2.566,2.678,2.825,2.945,4.024,3.935,3.493,
Ghana,3.489,4.700,5.238,5.895,6.479,7.084,7.637,8.200,10.100,10.456,9.604,8.698,7.722,6.757,5.817,4.897,5.092,5.142,5.349,5.384,4.227,3.141,2.173,4.412,6.806,5.237,3.369,3.251,3.156,3.285,3.338,3.084,
Slovenia,7.080,7.823,8.510,8.240,7.150,6.886,6.658,7.400,7.330,6.920,5.685,5.927,6.481,6.017,6.515,5.957,4.828,4.379,5.869,7.248,8.182,8.852,10.116,9.692,8.975,8.007,6.573,5.116,4.448,4.974,4.747,4.013,
Bosnia and Herzegovina,17.550,18.481,19.422,20.251,21.063,21.840,22.727,23.633,24.572,25.473,26.461,27.414,28.415,29.288,30.213,31.110,28.984,23.405,24.068,27.312,27.582,28.010,27.490,27.517,27.695,25.408,20.527,18.400,15.692,15.868,14.897,12.657,
Jordan,21.311,19.930,19.700,16.915,14.600,13.700,13.737,13.832,13.759,13.700,14.700,15.300,14.500,14.619,14.800,14.000,13.100,12.700,12.900,12.500,12.900,12.200,12.600,11.900,13.075,15.275,18.120,18.257,16.801,19.213,19.837,18.200,
Syria,6.750,6.955,7.400,7.500,7.200,7.225,7.314,7.382,7.600,9.589,11.630,10.940,10.280,9.518,8.816,8.170,8.420,10.940,8.140,8.610,8.612,13.800,14.479,14.768,14.290,13.867,13.670,13.554,13.393,15.176,14.796,13.813,
Albania,10.304,30.007,25.251,20.835,14.607,13.928,16.872,20.042,20.835,19.023,18.570,17.891,16.985,16.306,15.966,15.626,15.966,13.060,13.674,14.086,13.481,13.376,15.866,18.055,17.193,15.418,13.616,12.304,11.466,12.790,12.473,11.588,
Uruguay,8.950,8.960,8.350,9.040,10.020,11.930,11.440,9.362,10.466,12.627,15.052,16.648,16.661,12.980,12.009,10.844,9.403,8.026,7.740,7.158,6.307,6.451,6.444,6.547,7.488,7.841,7.890,8.336,8.734,10.330,9.301,7.877,
Mongolia,5.687,5.866,5.861,5.709,5.500,5.533,5.611,5.751,5.840,5.985,6.107,6.200,6.768,6.852,7.015,7.193,7.200,5.565,5.860,6.549,4.769,3.905,4.231,4.798,4.861,7.235,6.359,5.377,9.269,6.594,7.747,6.211,
Rwanda,12.304,12.118,12.167,12.287,12.094,11.696,11.310,11.438,11.711,11.805,11.828,11.557,11.751,11.780,11.901,11.669,11.661,11.601,11.694,11.700,11.801,11.720,11.802,11.858,11.849,11.805,11.875,10.759,11.236,11.829,15.793,15.085,
Bolivia,2.927,3.028,3.049,3.080,2.665,2.375,2.080,2.122,2.300,2.442,2.626,2.606,2.657,2.618,2.600,2.576,2.615,2.603,2.973,2.609,2.255,2.066,2.437,2.021,3.111,3.498,3.655,3.519,3.682,7.903,5.089,3.552,
Cameroon,8.933,9.012,9.118,8.854,8.585,8.060,7.860,7.696,7.596,7.534,7.460,6.711,5.909,5.088,4.400,3.730,3.063,3.385,3.742,4.110,3.989,3.837,3.687,3.534,3.520,3.534,3.581,3.619,3.646,3.866,3.951,3.687,
Congo (Brazzaville),19.858,19.866,19.933,20.179,20.146,19.995,19.862,19.880,20.096,19.854,19.858,19.656,19.865,19.883,19.796,19.593,19.899,19.954,19.854,19.379,19.510,19.573,19.902,19.781,20.200,20.524,20.887,20.938,20.608,22.373,22.077,20.261,
Serbia,13.348,13.447,13.555,13.509,13.400,13.200,13.800,13.700,13.700,12.600,12.800,13.800,15.200,18.500,20.850,20.850,18.060,13.670,16.116,19.204,22.959,24.000,22.154,19.223,17.660,15.257,13.477,12.733,10.395,9.011,10.061,8.684,
Montenegro,29.933,30.128,30.401,30.366,30.178,29.837,29.844,29.936,30.191,30.249,30.308,30.277,30.318,30.315,30.310,24.843,19.400,17.150,19.090,19.649,19.759,19.808,19.585,18.054,17.555,17.732,16.082,15.190,15.128,17.878,16.543,15.288,
Benin,1.639,1.510,1.494,1.455,1.307,1.250,1.102,1.051,0.951,0.865,0.766,0.690,0.747,0.790,0.860,0.888,0.902,0.892,0.947,1.040,2.647,2.415,2.113,1.892,1.855,1.835,1.722,1.473,1.402,1.565,1.694,1.473,
Nigeria,3.741,3.705,3.920,3.959,4.041,3.944,3.873,3.836,3.898,3.870,3.827,3.618,3.594,3.556,3.690,3.718,3.767,3.771,3.751,3.739,3.770,3.760,3.711,3.903,4.137,4.498,4.826,5.065,5.206,5.712,5.393,3.827,
Togo,4.045,4.189,4.470,4.184,3.986,3.624,3.636,3.789,3.892,4.151,4.102,4.085,3.964,3.999,4.151,4.229,3.822,3.286,2.853,2.385,1.982,2.028,2.083,2.142,2.204,2.963,3.744,2.903,2.056,2.211,2.285,2.065,
Laos,2.485,2.702,2.727,2.631,2.600,2.453,2.360,2.303,2.165,2.057,1.891,1.785,1.646,1.503,1.350,1.198,1.066,0.941,0.833,0.708,1.055,1.398,1.755,2.117,2.491,2.880,3.269,2.896,2.528,2.314,1.997,1.209,
Afghanistan,7.946,7.940,7.961,7.980,7.967,7.941,7.920,7.941,7.953,7.955,7.958,7.939,7.922,7.914,7.914,7.918,7.908,7.920,7.914,7.914,7.916,7.909,7.919,7.915,9.011,10.100,11.184,11.206,11.224,11.710,11.934,14.100,
Ukraine,1.900,1.900,2.000,2.000,5.620,7.650,8.930,11.320,11.864,11.707,11.061,10.136,9.057,8.590,7.180,6.810,6.351,6.363,8.840,8.100,7.851,7.529,7.170,9.270,9.140,9.350,9.500,8.799,8.194,9.475,9.834,NaN,
Slovakia,12.154,12.206,12.200,13.654,13.109,11.341,11.894,12.421,16.099,18.546,19.149,18.541,17.550,18.206,16.276,13.395,11.160,9.514,12.023,14.387,13.634,13.966,14.227,11.537,11.492,9.679,8.142,6.544,5.761,6.719,6.894,6.143,
Pakistan,0.586,0.583,0.588,0.591,0.596,0.591,0.596,0.600,0.602,0.597,0.595,0.597,0.595,0.588,0.582,0.582,0.398,0.423,0.535,0.653,0.796,3.667,2.954,1.827,3.566,2.286,3.193,4.083,4.830,6.162,6.338,5.548,
Bulgaria,11.100,15.300,16.400,12.800,11.100,12.500,13.700,12.200,14.100,16.218,19.921,18.110,13.733,12.037,10.083,8.951,6.878,5.610,6.817,10.279,11.260,12.270,12.941,11.424,9.143,7.575,6.164,5.212,4.230,5.125,5.267,4.268,
Austria,3.420,3.590,4.250,3.535,4.353,5.291,5.157,5.493,4.707,4.694,4.012,4.860,4.785,5.969,5.682,5.320,4.909,4.198,5.371,4.883,4.637,4.909,5.367,5.674,5.802,6.064,5.561,4.933,4.560,5.201,6.459,4.992,
Eswatini,20.570,20.961,21.715,21.704,21.650,22.076,22.500,23.204,23.849,24.518,25.200,25.734,26.229,26.695,27.208,27.689,28.240,27.847,27.404,26.753,25.994,25.118,24.435,23.817,23.279,22.718,24.830,26.983,29.049,34.232,35.707,37.852,
Hungary,8.500,9.942,12.098,10.847,10.168,10.022,8.991,8.925,6.929,6.563,5.671,5.608,5.790,5.832,7.189,7.494,7.406,7.817,10.030,11.172,11.029,11.003,10.177,7.725,6.813,5.115,4.156,3.709,3.419,4.250,4.045,3.609,
Niger,1.578,1.560,1.532,1.493,1.486,1.490,1.496,1.378,1.383,1.426,1.470,1.807,2.146,2.748,3.100,2.532,2.027,1.590,1.212,0.721,0.317,2.177,1.400,0.524,0.558,0.555,0.564,0.546,0.544,0.620,0.819,0.552,
Luxembourg,1.482,2.029,2.330,3.480,2.918,3.286,2.527,2.763,2.390,2.345,1.805,2.621,3.675,5.113,4.488,4.731,4.065,5.060,5.122,4.361,4.902,5.140,5.848,5.852,6.669,6.291,5.522,5.585,5.595,6.773,5.247,4.585,
Ivory Coast,6.597,6.700,5.868,5.045,4.100,4.040,3.965,4.100,4.421,4.835,5.199,5.516,5.858,5.930,6.041,6.040,6.308,6.404,6.586,6.614,7.145,7.223,4.255,3.275,2.574,1.896,3.273,2.851,2.401,2.559,2.590,2.434,
Liberia,2.680,2.747,2.700,2.664,2.588,2.371,2.176,2.038,2.021,2.035,2.125,2.211,2.406,2.412,2.403,2.274,2.223,2.211,2.236,2.266,2.208,2.138,2.072,2.079,2.553,3.081,3.066,3.057,3.072,4.092,3.792,2.990,
Sierra Leone,4.056,4.248,4.270,4.316,4.210,4.210,4.251,4.159,4.198,4.081,4.161,3.901,3.879,3.420,3.724,3.900,4.018,4.140,4.282,4.427,4.554,4.560,4.538,4.678,4.621,4.312,3.848,3.193,3.204,3.485,3.516,3.194,
Brunei,4.700,4.772,4.870,4.964,5.059,5.142,5.254,5.368,5.460,5.532,5.609,5.695,5.785,5.886,5.993,6.076,6.169,6.272,6.397,6.476,6.537,6.615,6.734,6.862,7.694,8.521,9.316,8.700,6.600,7.409,4.905,5.191,
Belgium,6.984,6.702,8.078,9.645,9.337,9.483,8.950,9.323,8.649,6.586,6.178,6.910,7.680,7.363,8.440,8.246,7.459,6.976,7.908,8.293,7.140,7.542,8.425,8.523,8.482,7.830,7.086,5.948,5.360,5.555,6.264,5.558,
Iraq,8.714,8.434,8.442,8.298,8.488,8.559,8.319,8.126,8.042,8.095,8.288,8.636,8.965,8.736,8.596,8.434,8.646,8.467,8.410,8.262,8.186,7.965,9.208,10.590,10.838,10.820,13.020,13.509,14.142,15.776,16.173,15.588,
Georgia,2.700,5.400,5.400,8.400,7.600,11.500,11.500,14.530,13.800,10.820,11.160,12.590,11.510,12.620,13.810,13.570,13.280,17.870,20.710,20.203,19.632,19.653,19.416,17.439,16.506,16.604,13.939,12.667,11.565,11.730,11.794,11.657,
Gambia,9.561,9.681,9.727,9.862,9.983,10.036,9.866,9.784,9.643,9.639,9.571,9.965,9.930,9.897,9.878,10.196,10.383,10.041,9.769,9.673,10.269,10.346,9.468,8.224,7.271,6.299,5.162,4.127,4.532,5.858,6.206,6.082,
Switzerland,1.818,2.344,3.551,3.580,3.094,3.684,4.127,3.568,3.053,2.658,2.490,2.924,4.117,4.316,4.437,3.995,3.641,3.350,4.109,4.808,4.409,4.491,4.747,4.826,4.801,4.918,4.797,4.713,4.394,4.817,5.097,4.300,
Chad,0.669,0.660,0.700,0.711,0.751,0.701,0.732,0.727,0.752,0.792,0.789,0.768,0.728,0.679,0.670,0.716,0.829,0.904,0.903,0.873,0.899,0.893,0.942,0.926,0.968,1.044,1.116,1.135,1.081,1.693,1.511,1.104,
Lebanon,8.610,8.268,8.275,8.364,8.456,8.444,8.620,8.565,8.735,8.594,8.456,8.225,8.048,7.850,8.247,8.669,8.980,7.665,6.355,6.770,7.333,7.910,8.423,8.796,9.270,9.760,10.236,10.741,11.301,13.235,12.621,11.599,
Djibouti,27.078,26.931,27.509,27.422,27.607,27.461,27.446,27.269,26.955,26.862,26.780,26.761,26.647,26.602,26.605,26.528,26.423,26.299,26.436,26.469,26.399,26.252,26.211,26.217,26.095,25.999,26.064,26.180,26.246,27.645,27.548,26.367,
Eritrea,5.329,5.483,5.554,5.598,5.464,5.394,5.494,5.589,5.683,5.724,5.784,5.814,5.784,5.674,5.689,5.683,5.696,5.647,5.722,5.839,5.755,5.649,5.610,5.652,5.793,5.830,5.879,5.758,5.789,6.307,6.341,5.941,
Burundi,3.168,3.141,3.112,3.133,3.088,3.095,3.147,3.191,3.146,3.145,3.164,3.180,3.137,3.179,3.150,3.185,2.400,1.634,1.618,1.612,1.599,1.591,1.584,1.572,1.444,1.356,1.258,1.157,1.053,1.030,1.110,0.919,
Suriname,17.085,17.280,15.640,12.700,8.390,10.880,10.560,10.630,13.600,12.975,12.137,11.233,10.351,9.490,9.263,9.096,9.005,8.832,8.720,7.150,7.540,8.100,6.600,6.940,7.220,7.917,7.883,7.685,7.545,8.726,8.459,8.232,
Israel,13.387,14.080,12.741,9.934,8.782,8.455,9.751,10.749,11.183,11.102,11.812,12.888,13.505,13.029,11.342,10.707,9.379,7.704,9.534,8.480,7.139,6.762,6.137,5.789,5.176,4.723,4.140,3.917,3.731,4.169,4.812,3.695,
Guinea Bissau,3.066,3.130,3.179,3.203,3.168,3.063,3.030,3.416,3.558,3.576,3.195,3.222,3.284,3.280,3.221,3.204,3.202,3.218,3.210,3.197,3.144,3.207,3.226,3.316,3.224,3.192,3.137,3.196,3.219,3.614,3.628,3.204,
Senegal,2.860,2.919,2.872,2.932,2.840,2.826,2.760,2.751,2.665,2.648,2.680,2.808,2.774,2.770,2.685,2.755,2.796,2.813,2.807,2.798,2.853,3.887,4.989,5.842,6.757,4.455,4.078,3.567,2.863,3.405,3.368,2.968,
Guinea,4.519,4.549,4.527,4.481,4.437,4.461,4.423,4.461,4.488,4.591,4.595,4.549,4.651,4.757,4.899,4.958,4.834,4.844,4.991,5.129,5.123,4.891,4.977,5.108,5.251,5.019,4.815,4.771,5.018,5.993,5.767,5.328,
Poland,13.635,13.645,14.393,14.825,13.695,12.684,10.964,9.935,12.290,16.314,18.373,19.895,19.370,19.074,17.746,13.841,9.602,7.118,8.167,9.637,9.632,10.088,10.326,8.990,7.501,6.161,4.888,3.846,3.277,3.162,3.363,2.886,
North Macedonia,24.500,26.300,27.700,30.000,35.600,38.800,36.000,34.500,32.400,32.200,30.520,31.940,36.690,37.161,37.320,36.392,35.231,33.930,32.351,33.135,31.502,31.096,29.017,28.215,26.395,24.312,22.857,21.208,17.414,16.575,15.801,14.477,
Paraguay,5.100,4.980,5.060,4.410,3.400,8.150,5.360,4.417,5.343,7.610,6.206,9.393,6.814,6.513,4.825,5.277,4.713,4.415,5.460,4.569,4.670,4.086,4.385,5.034,4.556,5.255,6.138,6.217,6.595,7.548,7.311,6.755,
Belarus,0.600,3.100,8.500,12.800,17.700,24.400,17.100,14.000,12.800,12.171,11.523,10.837,10.155,9.443,8.748,8.064,7.408,6.735,6.100,6.054,6.024,5.970,5.946,5.911,5.881,5.844,5.648,4.763,4.165,4.049,3.900,3.574,
Latvia,2.700,6.600,16.700,18.700,19.000,20.700,14.900,14.454,13.790,14.211,13.821,13.829,12.061,11.708,10.033,7.030,6.052,7.739,17.515,19.482,16.206,15.047,11.867,10.846,9.873,9.643,8.715,7.412,6.312,8.098,7.513,6.815,
Burkina Faso,2.468,2.505,2.432,2.580,2.532,2.448,2.414,2.440,2.550,2.681,2.742,2.855,2.780,3.475,4.000,3.670,3.300,3.497,3.715,3.723,3.827,3.852,4.055,4.254,4.468,4.594,4.660,4.695,4.701,4.985,5.110,5.348,
South Sudan,12.203,12.267,12.102,12.224,12.238,12.217,11.909,11.939,11.989,12.205,12.166,12.116,12.118,12.142,12.145,12.137,12.121,12.150,12.319,12.350,12.480,12.754,12.578,12.462,12.355,12.876,13.079,12.918,12.642,14.204,13.868,12.395,
Namibia,19.140,18.922,19.096,19.400,21.319,22.837,24.450,23.083,21.670,20.300,20.986,21.510,22.068,22.090,22.105,21.861,22.110,22.004,22.253,22.120,19.479,16.771,19.028,18.521,20.799,23.352,21.739,19.877,19.945,20.966,20.877,19.748,
Romania,8.244,8.260,8.240,8.170,8.010,6.740,5.515,5.630,6.239,6.969,6.562,8.112,6.950,7.719,7.174,7.270,6.413,5.788,6.859,6.959,7.177,6.794,7.096,6.802,6.812,5.901,4.927,4.187,3.912,5.035,5.590,5.614,
Zimbabwe,4.796,4.933,4.993,4.960,5.573,6.161,6.930,6.385,6.000,5.682,5.314,5.007,4.736,4.390,4.626,4.763,4.997,5.374,5.469,5.456,5.368,5.057,4.944,4.774,5.383,5.893,6.347,6.792,7.373,8.621,9.540,10.087,
Cambodia,0.761,0.746,0.734,0.990,0.974,0.963,0.638,0.712,0.727,0.746,0.775,0.853,0.909,1.005,1.067,1.154,1.257,0.825,0.579,0.771,0.577,0.496,0.438,0.692,0.393,0.716,0.141,0.130,0.120,0.172,0.396,0.247,
Sudan,14.899,14.971,14.803,14.923,14.931,14.902,14.577,14.603,14.651,14.869,14.825,14.767,14.766,14.788,14.791,14.783,14.769,14.800,13.000,15.156,17.440,17.068,16.414,15.558,14.512,13.812,13.206,12.605,12.014,12.368,11.466,7.530,
Czechia,2.270,2.600,4.349,4.284,4.083,3.852,4.674,6.455,8.702,8.764,8.128,7.281,7.777,8.298,7.927,7.141,5.316,4.393,6.662,7.281,6.712,6.979,6.953,6.108,5.048,3.952,2.893,2.246,2.015,2.551,2.803,2.224,
Mali,1.317,1.408,1.342,1.444,1.394,1.350,1.340,1.269,1.287,1.347,1.264,1.297,1.206,1.360,1.325,1.384,1.366,1.394,1.398,1.382,1.408,1.490,1.540,1.492,1.406,1.367,1.494,1.620,2.414,3.528,2.290,3.090,
Bhutan,1.374,1.381,1.394,1.391,1.392,1.392,1.395,1.400,1.400,1.652,1.900,1.851,1.800,2.490,3.100,3.130,3.700,3.833,3.960,3.320,3.230,2.050,2.870,2.630,2.450,2.737,3.039,3.350,2.720,5.030,4.804,5.947,
Botswana,13.820,16.331,18.762,21.200,21.395,21.593,21.041,20.860,18.231,15.880,18.540,21.272,23.800,21.754,19.847,17.782,16.990,16.315,16.169,17.860,18.062,17.949,18.203,18.518,18.939,19.343,19.678,19.679,20.094,21.017,23.106,23.615,
Moldova,1.900,3.700,3.700,5.800,5.300,7.900,7.900,10.000,11.140,8.539,7.366,6.845,6.378,6.374,5.633,4.260,2.749,2.097,3.024,2.972,2.677,2.190,1.894,1.451,1.781,1.591,1.622,1.239,1.502,1.206,0.794,0.909,
Central African Republic,5.561,5.672,5.735,5.757,5.709,5.676,5.633,5.602,5.593,5.546,5.589,5.625,5.631,5.560,5.530,5.460,5.419,5.372,5.463,5.585,5.551,5.520,5.560,5.685,5.871,5.904,5.969,5.896,5.978,6.556,6.676,6.337,
New Zealand,10.614,10.667,9.804,8.354,6.461,6.290,6.857,7.718,7.023,6.130,5.433,5.282,4.745,4.005,3.807,3.857,3.661,4.167,6.121,6.557,6.491,6.931,5.839,5.428,5.415,5.147,4.736,4.335,4.109,4.595,3.776,3.297,
Cuba,8.310,8.786,9.280,8.811,8.270,7.610,7.100,6.230,6.260,5.450,4.080,3.310,2.330,1.854,1.950,1.913,1.788,1.583,1.670,2.500,3.180,3.460,3.290,2.700,2.400,2.000,1.700,1.700,1.200,1.400,1.373,1.254,
Vietnam,2.162,2.128,2.051,1.980,1.959,1.930,2.870,2.290,2.330,2.260,2.760,2.120,2.250,2.140,2.077,2.045,2.026,1.889,1.737,1.114,0.999,1.027,1.316,1.256,1.849,1.848,1.874,1.161,1.681,2.103,2.385,1.535,
Tunisia,15.977,15.647,15.986,16.038,16.360,16.070,15.940,15.476,15.210,14.940,14.400,14.550,14.510,14.230,12.872,12.510,12.365,12.444,13.291,13.049,18.334,17.630,15.934,14.259,15.159,15.557,15.330,15.459,17.153,17.576,16.505,15.301,
Madagascar,6.140,6.251,6.300,6.090,6.078,6.082,5.963,5.896,5.820,5.800,5.350,5.520,5.010,3.952,2.620,2.945,3.200,3.428,3.883,4.280,2.518,0.599,0.995,1.385,1.785,1.944,2.113,2.289,2.460,3.246,3.415,3.186,
Iceland,2.548,4.305,5.257,5.326,5.196,3.600,3.720,3.069,2.178,1.936,1.874,2.988,3.997,4.031,2.547,2.830,2.251,2.946,7.220,7.564,7.028,6.000,5.376,4.897,3.979,2.978,2.742,2.704,3.507,5.478,6.029,3.789,
Sri Lanka,14.661,14.220,13.820,13.030,12.270,11.350,10.600,9.170,8.880,7.740,7.900,8.760,8.220,8.380,7.670,6.500,5.970,5.220,5.850,4.784,4.118,3.880,4.186,4.157,4.519,4.243,4.046,4.318,4.670,5.365,5.258,6.330,
Somalia,19.037,19.247,19.208,19.686,19.477,19.394,19.033,18.947,18.951,18.781,18.883,18.893,18.914,18.846,18.873,18.900,18.834,18.880,18.926,18.973,19.021,19.078,18.995,18.847,18.444,18.372,18.545,18.783,18.828,19.350,19.553,19.128,
Egypt,9.380,8.920,10.920,10.930,11.040,9.000,8.370,8.030,7.950,8.980,9.260,10.010,10.910,10.320,11.049,10.490,8.800,8.517,9.087,8.757,11.849,12.597,13.154,13.105,13.052,12.450,11.767,9.855,7.851,7.974,7.441,7.344,
Libya,18.690,18.920,19.102,19.411,19.483,19.322,19.439,19.271,19.306,19.168,19.186,19.198,19.002,18.873,18.613,18.744,18.708,18.953,19.180,19.208,19.430,19.030,19.316,19.298,19.649,19.500,19.015,18.836,19.037,19.535,19.595,19.319,
Nepal,10.539,10.547,10.560,10.552,10.565,10.560,10.596,10.608,10.624,10.622,10.615,10.655,10.677,10.680,10.652,10.659,10.672,10.650,10.640,10.629,10.653,10.654,10.667,10.647,10.655,10.684,10.660,10.630,10.578,13.157,12.315,10.922,
Macau,3.010,2.197,2.057,2.480,3.581,4.249,3.261,4.607,6.348,6.874,6.393,6.267,5.995,4.905,4.158,3.822,3.270,2.999,3.580,2.840,2.560,1.970,1.820,1.670,1.810,1.939,1.987,1.834,1.749,2.566,2.252,2.476,
Hong Kong,1.800,1.960,1.960,1.900,3.220,2.830,2.220,4.580,6.250,4.920,5.090,7.280,7.860,6.740,5.580,4.770,4.010,3.560,5.260,4.329,3.422,3.285,3.400,3.296,3.314,3.392,3.124,2.805,2.917,5.808,5.174,4.318,
Saint Thomas and Principe,14.417,14.576,14.413,14.376,14.323,14.319,14.404,14.393,14.353,14.400,15.730,17.630,16.360,16.120,16.470,16.650,16.098,15.573,15.400,14.660,14.196,13.590,13.711,13.619,13.598,13.650,13.811,13.878,13.998,15.183,15.042,14.115,
Samoa,2.100,2.438,2.686,2.995,3.239,3.510,3.775,4.123,4.487,4.732,4.960,4.978,5.040,5.165,5.214,5.323,5.426,5.538,5.646,5.620,5.680,8.752,8.772,8.720,8.900,9.062,9.400,9.512,9.601,10.214,10.368,9.923,
Tonga,1.350,1.351,1.300,1.708,2.007,2.414,2.864,3.360,3.714,4.120,4.479,4.837,5.180,3.944,2.572,1.090,1.182,1.254,1.410,1.517,1.606,1.647,1.758,1.924,2.028,2.048,2.132,2.248,2.164,2.675,2.111,2.354,
West Bank and Gaza,10.550,10.304,10.407,10.183,10.379,10.494,10.515,10.433,10.351,10.625,21.493,27.465,23.004,23.215,20.016,19.014,18.282,22.913,20.452,21.416,17.597,19.202,19.894,20.527,23.005,23.939,25.677,26.256,25.340,25.895,26.390,24.420,
Channel Islands,5.651,6.100,7.069,7.231,6.978,6.906,6.696,6.289,5.919,5.357,5.041,5.309,5.636,5.834,5.764,5.513,5.204,5.268,6.628,6.970,7.192,7.993,8.531,8.285,7.901,7.442,6.865,6.324,6.170,6.611,6.609,5.910,
French Polynesia,11.718,11.850,11.899,12.103,12.050,12.015,11.945,11.853,11.745,11.608,11.678,11.710,11.748,11.697,11.718,11.766,11.740,11.759,11.968,12.143,12.273,12.146,12.030,11.886,11.776,11.699,11.554,11.553,11.536,12.879,12.492,11.911,
Guam,3.509,3.837,5.527,7.600,7.900,8.283,9.670,7.740,13.950,15.320,13.213,11.390,9.691,7.700,7.000,7.400,8.300,8.889,9.300,8.200,13.300,12.200,11.500,7.600,6.900,5.400,5.417,5.447,5.402,6.227,6.001,5.527,
New Caledonia,18.050,18.642,18.820,18.956,18.635,18.640,18.382,18.619,18.292,17.986,17.447,17.079,16.719,16.310,15.770,15.238,14.758,14.368,13.970,13.950,13.937,14.053,14.348,14.590,13.637,12.714,11.676,11.702,10.881,13.558,12.537,11.291,
High Income Countries,7.289,7.813,8.778,8.794,8.518,8.411,8.048,7.874,7.976,7.784,7.590,7.759,7.907,7.688,7.348,6.718,6.131,6.095,7.929,8.338,8.255,8.484,8.593,8.169,7.688,7.210,6.627,6.054,5.719,6.960,6.487,5.553,
Northern America,8.558,9.348,9.139,8.257,7.570,7.535,7.051,6.395,5.901,5.410,5.975,6.724,6.781,6.357,5.921,5.553,5.389,6.034,8.857,8.905,8.293,7.731,7.259,6.595,6.113,5.954,5.391,4.867,4.679,8.856,6.438,4.465,
World,7.596,7.985,8.456,8.606,8.637,8.793,8.650,8.700,8.844,8.717,8.711,8.862,8.840,8.645,8.393,7.966,7.582,7.441,8.213,8.368,8.307,8.359,8.386,8.208,8.123,7.973,7.732,7.448,7.307,8.378,8.085,7.292,
Americas,9.105,9.172,9.162,9.084,9.007,9.378,9.048,8.869,9.146,8.991,8.971,9.459,9.419,8.883,8.364,7.742,7.316,7.245,8.393,8.179,8.030,7.815,7.936,7.799,7.594,7.724,7.458,7.479,7.529,10.078,8.869,7.354,
Eastern Asia,2.889,2.844,2.998,3.059,3.419,3.527,3.384,4.870,5.451,4.975,5.018,5.403,5.634,5.190,4.867,4.610,4.288,3.946,4.642,4.446,3.807,3.485,3.473,3.511,3.594,3.985,3.736,3.436,4.099,4.451,4.365,3.907,
Asia,4.439,4.507,4.805,5.128,5.204,5.527,5.664,6.095,6.303,6.098,6.196,6.300,6.252,6.215,6.203,5.987,5.835,5.824,6.085,5.885,5.721,5.850,5.947,5.907,6.055,6.166,6.206,6.022,5.928,6.642,6.453,5.909,
Lower Middle Income Countries,7.775,7.842,8.084,8.115,8.185,8.141,8.102,8.258,8.380,8.431,8.439,8.452,8.365,8.149,8.056,7.802,7.653,7.456,7.612,7.522,7.547,7.459,7.395,7.429,7.623,7.645,7.778,7.732,7.794,8.742,8.607,8.033,
Southern Asia,6.228,6.137,6.096,5.999,5.879,5.735,5.788,5.776,5.903,5.929,6.227,6.551,6.518,6.606,6.897,6.777,6.837,6.910,7.346,7.059,6.796,6.868,6.667,6.413,6.695,6.732,6.869,6.992,6.725,7.800,7.461,7.381,
Middle Income Countries,8.028,8.446,8.772,9.028,9.274,9.638,9.607,9.796,9.950,9.796,9.883,10.016,9.884,9.683,9.464,9.056,8.704,8.472,8.861,8.870,8.806,8.727,8.753,8.711,8.812,8.788,8.664,8.534,8.436,9.546,9.250,8.482,
Western Europe,5.063,5.249,6.213,6.960,6.693,7.051,6.957,6.772,6.180,5.306,4.712,5.293,5.991,6.721,6.996,6.625,5.842,5.450,6.246,6.226,5.874,6.160,6.682,6.792,6.801,6.470,5.852,5.345,4.977,5.433,5.541,4.772,
European Union,7.204,8.012,10.096,10.289,10.096,10.044,9.498,9.187,9.266,9.281,8.969,8.846,8.862,8.924,8.460,7.502,6.537,6.406,8.992,10.207,10.199,10.958,11.300,10.605,9.813,8.816,7.722,6.658,6.039,6.774,6.622,5.753,
Europe,8.024,9.460,11.085,11.358,11.435,11.683,11.202,11.042,11.001,10.820,10.498,10.481,10.653,10.770,10.386,9.520,8.428,7.883,10.078,11.116,11.056,11.369,11.381,10.777,10.139,9.242,8.176,7.246,6.572,7.305,7.135,6.123,
Upper Middle Income Countries,8.610,9.384,9.756,10.219,10.608,11.378,11.354,11.567,11.754,11.396,11.596,11.893,11.724,11.557,11.234,10.693,10.140,9.838,10.441,10.551,10.370,10.270,10.341,10.189,10.177,10.149,9.777,9.542,9.349,10.540,10.114,9.107,
Southern Europe,13.144,15.284,15.812,15.974,15.821,16.018,15.973,16.216,16.066,15.719,15.151,15.367,15.969,16.206,16.269,15.374,14.123,12.775,14.321,15.902,16.995,18.582,19.143,18.459,17.368,15.820,13.922,12.424,11.029,11.363,10.920,9.668,
Latin America & Caribbean,9.234,9.261,9.269,9.240,9.190,9.572,9.255,9.105,9.411,9.269,9.216,9.680,9.644,9.107,8.597,7.962,7.525,7.412,8.457,8.239,8.134,7.950,8.120,8.023,7.836,7.984,7.736,7.798,7.865,10.310,9.189,7.712,
South America,7.711,7.539,7.332,7.562,7.897,9.201,8.708,8.664,10.340,10.684,10.298,11.034,10.343,9.595,8.461,7.892,7.376,7.154,7.702,6.990,6.594,6.435,6.364,6.377,6.664,7.270,7.456,7.568,7.729,10.266,8.907,7.257,
Australia & New Zealand,10.100,10.700,10.341,9.039,7.467,7.399,7.612,7.701,6.950,6.209,6.090,5.829,5.339,4.702,4.421,4.321,4.021,4.204,5.843,5.886,5.787,6.078,5.751,5.753,5.735,5.429,5.164,4.817,4.634,5.526,4.446,3.499,
Oceania,6.762,6.970,7.110,7.134,6.920,7.009,7.251,7.195,7.660,7.685,7.501,7.315,7.035,6.539,6.127,5.966,5.868,5.838,6.087,5.986,6.501,6.717,6.609,6.268,6.135,5.868,5.763,5.735,5.638,6.267,5.962,5.629,
South-Eastern Asia,2.655,2.657,2.708,2.799,2.775,2.748,2.669,3.094,3.315,3.078,3.172,3.239,3.268,3.314,3.347,3.202,3.128,3.033,3.137,2.766,2.706,2.674,2.737,2.795,2.974,3.170,3.177,2.890,2.488,2.980,3.099,2.461,
Northern Europe,5.640,7.176,10.682,10.564,10.749,10.400,9.318,8.351,7.853,7.746,7.456,7.100,7.344,7.100,6.262,5.356,4.718,5.315,9.541,10.830,9.828,9.304,8.590,7.916,7.261,6.770,6.145,5.490,5.243,6.530,6.382,5.275,
Caribbean,13.296,13.818,13.849,13.499,12.537,12.046,12.033,11.606,10.828,10.331,10.637,11.028,11.398,10.714,10.650,9.906,9.544,9.376,10.945,11.311,11.571,11.596,12.048,11.614,10.993,10.813,10.141,9.856,9.456,11.442,10.700,9.311,
Sub-Saharan Africa,8.550,8.708,8.808,8.849,8.785,8.746,8.710,8.689,8.703,8.659,8.746,8.822,8.846,8.736,8.692,8.567,8.472,8.372,8.521,8.620,8.438,8.266,8.195,8.212,8.372,8.404,8.478,8.350,8.466,9.281,9.436,9.022,
Western Africa,4.690,4.810,4.791,4.775,4.700,4.676,4.673,4.730,4.883,4.951,4.913,4.921,4.900,4.896,4.925,4.834,4.801,4.766,4.799,4.575,4.649,4.757,4.495,4.553,4.731,4.479,4.396,4.183,4.145,4.786,4.673,4.282,
Western Asia,5.843,5.962,6.322,6.322,6.085,6.438,6.699,6.914,7.271,7.154,7.432,7.675,7.641,7.645,7.586,7.332,7.132,7.315,7.674,7.554,7.521,7.968,8.341,8.327,8.478,8.534,8.598,8.320,8.230,9.278,8.831,8.066,
Melanesia,7.101,7.159,7.224,7.199,7.198,7.215,7.257,7.334,7.293,7.267,7.200,7.178,7.010,6.803,6.411,6.280,5.972,5.674,5.389,5.320,5.416,5.398,5.427,5.463,5.281,5.097,4.913,4.939,4.810,5.179,5.144,5.042,
Eastern Africa,8.475,8.554,8.597,8.569,8.418,8.315,8.148,8.067,8.089,8.080,8.047,8.010,8.012,7.890,7.878,7.722,7.511,7.272,7.517,7.764,7.515,7.221,7.120,7.132,7.199,7.268,7.425,7.215,7.344,8.157,8.316,7.929,
Africa,9.268,9.485,9.669,9.753,9.794,9.628,9.527,9.505,9.558,9.553,9.529,9.531,9.551,9.292,9.180,8.955,8.874,8.748,8.855,9.040,9.078,8.937,8.820,8.814,8.977,8.957,9.013,8.844,8.936,9.726,9.818,9.330,
Eastern Europe,6.544,7.583,8.776,9.331,9.823,10.675,10.148,10.415,11.320,11.637,11.673,11.324,10.497,10.334,9.508,8.428,6.928,6.164,7.682,8.421,8.253,8.223,8.219,7.438,6.918,6.073,5.315,4.539,4.097,4.716,4.720,3.677,
Central Asia,1.420,1.720,2.987,5.936,7.763,9.774,10.077,11.359,11.326,10.726,9.823,9.174,8.624,8.103,7.603,7.096,6.553,6.175,5.966,5.766,5.500,5.349,5.213,5.124,5.001,4.904,5.049,4.973,4.990,5.296,5.340,4.910,
Southern Africa,17.817,18.398,19.080,19.593,19.987,20.366,20.693,20.571,19.964,19.336,20.100,20.844,21.569,21.259,20.942,20.555,20.527,20.297,20.485,21.192,20.210,19.471,19.922,19.904,20.422,21.115,21.326,21.479,22.300,23.781,25.318,25.344,
Central America,5.931,5.579,5.879,5.899,6.527,6.726,6.257,6.329,6.067,5.686,5.638,5.794,6.184,6.166,5.977,5.392,4.972,5.100,6.169,5.889,5.717,5.209,5.354,5.556,5.253,5.166,4.852,5.314,5.882,8.820,7.534,6.197,
Northern Africa,15.523,16.115,16.853,17.160,17.957,16.841,16.299,16.274,16.600,16.885,16.239,16.002,15.805,14.449,13.934,13.078,12.999,12.602,12.280,12.537,14.321,14.381,13.978,13.688,13.840,13.470,13.425,13.031,12.925,13.783,13.192,11.910,
Low Income Countries,5.941,6.020,6.038,6.081,6.017,5.985,5.938,6.000,6.075,6.193,6.251,6.247,6.213,6.125,6.057,6.043,6.018,6.088,5.950,6.059,6.112,6.335,6.234,6.174,6.344,6.417,6.467,6.262,6.244,6.908,6.982,6.530,
Middle Africa,10.403,10.545,10.642,10.653,10.518,10.342,10.293,10.304,10.399,10.412,10.573,10.613,10.367,10.204,10.124,10.140,10.113,10.236,10.387,10.443,10.377,10.254,10.288,10.262,10.364,10.465,10.589,10.609,10.583,11.340,11.195,10.448,
Polynesia,5.056,5.213,5.295,5.602,5.765,5.980,6.195,6.445,6.649,6.820,7.039,7.175,7.323,6.935,6.501,6.060,6.116,6.184,6.341,6.427,6.520,7.515,7.520,7.510,7.568,7.603,7.695,7.771,7.767,8.589,8.324,8.063,
Micronesia,NaN,NaN,NaN,NaN,NaN,NaN,NaN,NaN,NaN,NaN,NaN,NaN,NaN,NaN,NaN,NaN,NaN,NaN,NaN,NaN,NaN,NaN,NaN,NaN,NaN,NaN,NaN,NaN,NaN,NaN,NaN,NaN,
