country_name, 1990,1991,1992,1993,1994,1995,1996,1997,1998,1999,2000,2001,2002,2003,2004,2005,2006,2007,2008,2009,2010,2011,2012,2013,2014,2015,2016,
United States,5.302,5.295,5.294,5.293,5.295,5.299,5.331,5.368,5.409,5.451,5.501,5.500,5.500,5.500,5.498,5.498,5.472,5.442,5.410,5.382,5.356,5.355,5.354,5.354,5.352,5.350,5.349,
Japan,3.571,3.588,3.603,3.619,3.631,3.642,3.636,3.631,3.623,3.612,3.600,3.623,3.646,3.670,3.692,3.716,3.728,3.739,3.748,3.758,3.769,3.809,3.850,3.892,3.934,3.976,4.020,
India,3.166,3.180,3.194,3.214,3.236,3.259,3.276,3.294,3.317,3.340,3.371,3.395,3.423,3.452,3.482,3.515,3.479,3.445,3.414,3.387,3.362,3.387,3.413,3.443,3.476,3.512,3.549,
France,5.201,5.170,5.141,5.104,5.073,5.042,5.033,5.017,5.015,5.010,4.995,4.958,4.921,4.878,4.844,4.808,4.858,4.907,4.956,5.022,5.075,5.055,5.026,5.012,4.988,4.965,4.947,
China,3.476,3.502,3.521,3.533,3.543,3.558,3.567,3.586,3.614,3.652,3.695,3.734,3.777,3.822,3.870,3.917,3.980,4.041,4.101,4.158,4.216,4.222,4.230,4.237,4.245,4.255,4.261,
Portugal,5.485,5.507,5.525,5.544,5.559,5.564,5.589,5.604,5.623,5.634,5.649,5.688,5.729,5.781,5.827,5.867,5.872,5.875,5.875,5.887,5.891,5.871,5.851,5.826,5.812,5.794,5.778,
Ecuador,2.568,2.587,2.604,2.623,2.637,2.659,2.671,2.684,2.694,2.711,2.730,2.749,2.767,2.790,2.812,2.835,2.856,2.871,2.894,2.910,2.933,2.958,2.975,3.001,3.015,3.031,3.057,
Australia,5.058,5.096,5.125,5.172,5.208,5.240,5.241,5.249,5.248,5.249,5.249,5.287,5.319,5.354,5.389,5.429,5.417,5.404,5.395,5.375,5.360,5.332,5.303,5.277,5.256,5.229,5.208,
Philippines,2.305,2.301,2.300,2.296,2.300,2.302,2.282,2.263,2.255,2.243,2.233,2.238,2.243,2.251,2.258,2.268,2.294,2.324,2.356,2.389,2.424,2.455,2.470,2.497,2.525,2.552,2.575,
Spain,4.357,4.327,4.303,4.283,4.258,4.239,4.232,4.213,4.203,4.181,4.166,4.153,4.135,4.121,4.106,4.084,4.110,4.137,4.158,4.191,4.219,4.235,4.242,4.257,4.276,4.287,4.298,
Maldives,2.742,2.741,2.750,2.756,2.774,2.796,2.797,2.803,2.819,2.833,2.863,2.883,2.906,2.936,2.953,2.977,2.997,3.004,3.019,3.033,3.041,3.047,3.061,3.080,3.097,3.109,3.127,
United Kingdom,4.886,4.874,4.864,4.855,4.848,4.844,4.843,4.844,4.846,4.850,4.860,4.827,4.794,4.759,4.724,4.693,4.702,4.706,4.711,4.714,4.720,4.719,4.721,4.723,4.731,4.740,4.752,
Greece,4.712,4.711,4.697,4.695,4.691,4.688,4.766,4.841,4.914,5.000,5.078,5.114,5.147,5.181,5.212,5.244,5.232,5.222,5.204,5.191,5.176,5.155,5.122,5.100,5.079,5.051,5.027,
Denmark,4.485,4.479,4.474,4.460,4.448,4.440,4.354,4.281,4.200,4.132,4.059,4.022,3.983,3.948,3.917,3.887,3.871,3.854,3.843,3.825,3.812,3.813,3.824,3.828,3.833,3.836,3.842,
Greenland,7.084,7.086,7.071,7.099,7.111,7.131,7.079,7.031,7.010,6.976,6.955,6.934,6.925,6.905,6.915,6.910,6.929,6.929,6.938,6.957,6.968,6.933,6.908,6.870,6.823,6.765,6.708,
Puerto Rico,3.566,3.583,3.602,3.622,3.642,3.665,3.672,3.678,3.690,3.692,3.699,3.710,3.714,3.728,3.742,3.757,3.765,3.773,3.780,3.789,3.799,3.814,3.837,3.852,3.868,3.889,3.909,
Virgin Islands (U.S.),3.202,3.233,3.264,3.299,3.334,3.371,3.392,3.411,3.431,3.451,3.481,3.522,3.571,3.613,3.660,3.701,3.739,3.773,3.811,3.843,3.880,3.906,3.927,3.947,3.974,3.990,4.008,
Canada,4.342,4.343,4.348,4.349,4.357,4.365,4.374,4.382,4.392,4.403,4.413,4.390,4.355,4.328,4.298,4.269,4.252,4.230,4.210,4.186,4.165,4.178,4.185,4.203,4.217,4.230,4.247,
Argentina,3.635,3.656,3.681,3.702,3.727,3.748,3.766,3.786,3.795,3.809,3.820,3.816,3.823,3.826,3.833,3.841,3.843,3.844,3.841,3.842,3.842,3.847,3.854,3.860,3.871,3.875,3.887,
Chile,4.468,4.468,4.465,4.463,4.468,4.469,4.471,4.463,4.460,4.464,4.468,4.475,4.471,4.475,4.475,4.480,4.462,4.434,4.417,4.397,4.378,4.388,4.405,4.417,4.432,4.447,4.459,
Cape Verde,3.019,3.028,3.047,3.063,3.087,3.117,3.143,3.177,3.212,3.252,3.295,3.339,3.383,3.431,3.488,3.536,3.572,3.610,3.646,3.694,3.740,3.762,3.794,3.813,3.838,3.863,3.891,
Dominica,2.767,2.778,2.786,2.789,2.797,2.805,2.820,2.844,2.870,2.900,2.931,2.952,2.981,3.003,3.027,3.050,3.065,3.076,3.091,3.105,3.122,3.147,3.171,3.195,3.217,3.236,3.275,
Seychelles,2.599,2.631,2.660,2.692,2.717,2.743,2.753,2.765,2.783,2.803,2.829,2.847,2.869,2.894,2.913,2.930,2.943,2.957,2.967,2.993,3.019,3.037,3.060,3.080,3.097,3.114,3.140,
Jamaica,2.630,2.629,2.634,2.630,2.633,2.639,2.651,2.668,2.684,2.702,2.723,2.741,2.764,2.789,2.810,2.835,2.851,2.866,2.883,2.899,2.919,2.950,2.976,3.008,3.036,3.068,3.098,
Oman,2.847,2.849,2.859,2.880,2.901,2.927,2.931,2.932,2.944,2.948,2.961,2.977,2.995,3.020,3.049,3.088,3.140,3.184,3.239,3.292,3.357,3.427,3.497,3.564,3.622,3.666,3.698,
Saint Vincent and Grenadines,2.613,2.642,2.672,2.708,2.741,2.772,2.812,2.851,2.893,2.937,2.982,3.017,3.052,3.090,3.129,3.168,3.195,3.222,3.245,3.272,3.297,3.322,3.343,3.371,3.387,3.410,3.440,
Solomon Islands,2.361,2.378,2.395,2.417,2.440,2.458,2.462,2.467,2.470,2.473,2.484,2.487,2.488,2.489,2.501,2.510,2.521,2.532,2.540,2.547,2.559,2.560,2.570,2.573,2.586,2.600,2.616,
Saint Lucia,2.697,2.724,2.752,2.782,2.810,2.834,2.854,2.887,2.914,2.944,2.982,3.014,3.051,3.086,3.126,3.169,3.217,3.263,3.301,3.347,3.378,3.404,3.444,3.468,3.499,3.529,3.558,
Norway,4.594,4.611,4.618,4.634,4.643,4.648,4.564,4.491,4.415,4.348,4.280,4.269,4.262,4.255,4.248,4.245,4.230,4.217,4.207,4.195,4.180,4.211,4.254,4.285,4.328,4.360,4.397,
Bahrain,4.053,4.079,4.111,4.153,4.210,4.271,4.296,4.315,4.323,4.331,4.329,4.337,4.356,4.381,4.419,4.438,4.460,4.479,4.496,4.497,4.501,4.456,4.422,4.387,4.350,4.329,4.324,
Indonesia,2.282,2.296,2.312,2.325,2.339,2.355,2.372,2.391,2.410,2.428,2.449,2.462,2.475,2.488,2.502,2.516,2.529,2.539,2.547,2.556,2.567,2.594,2.622,2.653,2.685,2.717,2.749,
Mauritius,3.566,3.583,3.602,3.634,3.665,3.695,3.718,3.746,3.774,3.803,3.837,3.845,3.854,3.866,3.886,3.911,3.935,3.960,3.984,4.012,4.038,4.058,4.076,4.099,4.112,4.128,4.150,
Sweden,5.750,5.731,5.708,5.693,5.675,5.659,5.640,5.619,5.599,5.582,5.569,5.559,5.549,5.536,5.532,5.524,5.519,5.510,5.502,5.492,5.486,5.478,5.467,5.451,5.437,5.423,5.412,
Russia,4.412,4.448,4.489,4.536,4.574,4.618,4.637,4.657,4.690,4.715,4.744,4.751,4.756,4.755,4.753,4.756,4.753,4.746,4.731,4.712,4.688,4.702,4.708,4.713,4.720,4.732,4.755,
Trinidad and Tobago,3.560,3.593,3.628,3.669,3.714,3.758,3.783,3.808,3.841,3.870,3.902,3.938,3.967,4.010,4.035,4.058,4.090,4.112,4.138,4.153,4.174,4.189,4.204,4.225,4.246,4.260,4.278,
Brazil,3.363,3.379,3.402,3.429,3.458,3.490,3.628,3.775,3.933,4.097,4.275,4.309,4.344,4.379,4.412,4.446,4.320,4.199,4.087,3.983,3.889,3.868,3.853,3.841,3.831,3.824,3.817,
Bahamas,2.811,2.813,2.814,2.828,2.844,2.858,2.875,2.898,2.912,2.935,2.964,2.996,3.027,3.059,3.090,3.126,3.133,3.138,3.153,3.164,3.189,3.213,3.234,3.259,3.277,3.295,3.313,
Grenada,2.645,2.645,2.659,2.668,2.688,2.698,2.715,2.742,2.774,2.805,2.853,2.888,2.931,2.969,3.010,3.045,3.067,3.085,3.100,3.113,3.127,3.148,3.167,3.183,3.191,3.205,3.221,
Antigua and Barbuda,2.937,2.930,2.921,2.921,2.921,2.932,2.948,2.966,2.978,2.988,2.999,3.002,3.007,3.007,3.003,3.012,3.018,3.023,3.036,3.051,3.064,3.089,3.115,3.150,3.179,3.210,3.235,
Fiji,2.578,2.605,2.650,2.685,2.725,2.770,2.795,2.826,2.855,2.880,2.908,2.949,2.995,3.041,3.092,3.143,3.166,3.186,3.209,3.229,3.250,3.265,3.277,3.291,3.305,3.317,3.330,
Barbados,3.281,3.294,3.312,3.320,3.338,3.356,3.384,3.408,3.427,3.444,3.466,3.480,3.508,3.525,3.545,3.566,3.581,3.599,3.611,3.626,3.642,3.662,3.687,3.708,3.728,3.752,3.775,
Italy,4.712,4.677,4.644,4.599,4.561,4.516,4.505,4.492,4.478,4.463,4.452,4.434,4.408,4.386,4.359,4.339,4.360,4.380,4.400,4.415,4.443,4.437,4.429,4.426,4.425,4.421,4.416,
Malta,3.803,3.797,3.795,3.798,3.795,3.797,3.805,3.820,3.830,3.841,3.860,3.879,3.898,3.916,3.936,3.947,3.943,3.938,3.935,3.926,3.922,3.943,3.961,3.985,4.001,4.023,4.042,
Papua New Guinea,2.444,2.462,2.485,2.508,2.532,2.554,2.557,2.556,2.556,2.565,2.564,2.568,2.568,2.574,2.574,2.586,2.601,2.614,2.632,2.653,2.670,2.677,2.686,2.697,2.705,2.716,2.728,
Vanuatu,2.403,2.423,2.442,2.463,2.485,2.505,2.512,2.519,2.526,2.533,2.547,2.558,2.574,2.590,2.604,2.620,2.649,2.673,2.696,2.707,2.668,2.676,2.687,2.693,2.698,2.704,2.717,
Singapore,4.442,4.460,4.506,4.525,4.547,4.565,4.538,4.512,4.505,4.487,4.472,4.377,4.291,4.211,4.138,4.054,4.051,4.037,4.036,4.036,4.030,4.047,4.052,4.064,4.067,4.080,4.090,
Cyprus,3.619,3.621,3.617,3.620,3.621,3.627,3.648,3.663,3.686,3.702,3.727,3.756,3.776,3.798,3.812,3.828,3.831,3.835,3.843,3.840,3.847,3.864,3.889,3.898,3.910,3.932,3.945,
Comoros,2.645,2.639,2.638,2.643,2.649,2.656,2.656,2.647,2.651,2.652,2.654,2.651,2.656,2.659,2.657,2.666,2.666,2.668,2.673,2.680,2.689,2.708,2.725,2.747,2.772,2.798,2.823,
Armenia,2.645,2.657,2.668,2.681,2.701,2.729,2.765,2.806,2.851,2.892,2.932,2.967,3.004,3.036,3.068,3.097,3.115,3.130,3.138,3.150,3.170,3.205,3.250,3.297,3.344,3.379,3.396,
Azerbaijan,2.396,2.383,2.370,2.368,2.364,2.365,2.383,2.400,2.427,2.444,2.475,2.505,2.532,2.558,2.589,2.615,2.631,2.642,2.655,2.668,2.678,2.707,2.741,2.779,2.812,2.851,2.870,
Tajikistan,2.166,2.149,2.137,2.130,2.122,2.118,2.112,2.108,2.109,2.111,2.118,2.136,2.153,2.176,2.193,2.210,2.223,2.239,2.247,2.259,2.272,2.282,2.288,2.298,2.307,2.308,2.319,
Uzbekistan,2.423,2.426,2.429,2.447,2.453,2.476,2.488,2.511,2.536,2.565,2.590,2.613,2.637,2.664,2.689,2.717,2.741,2.763,2.781,2.802,2.818,2.832,2.845,2.854,2.861,2.870,2.875,
Lesotho,4.249,4.242,4.243,4.246,4.245,4.253,4.272,4.303,4.333,4.363,4.397,4.419,4.443,4.466,4.495,4.528,4.557,4.586,4.612,4.651,4.681,4.698,4.713,4.727,4.748,4.760,4.779,
Bangladesh,3.350,3.355,3.368,3.380,3.405,3.423,3.467,3.509,3.555,3.608,3.664,3.683,3.702,3.728,3.743,3.769,3.794,3.816,3.839,3.863,3.897,3.903,3.923,3.937,3.953,3.972,3.991,
North Korea,2.960,2.980,3.003,3.019,3.040,3.055,3.055,3.063,3.066,3.072,3.086,3.095,3.120,3.145,3.163,3.195,3.223,3.256,3.282,3.303,3.333,3.350,3.378,3.404,3.431,3.450,3.475,
Kyrgyzstan,2.824,2.820,2.816,2.824,2.822,2.835,2.845,2.863,2.881,2.904,2.927,2.941,2.945,2.961,2.973,2.985,2.988,2.989,2.990,2.985,2.976,2.973,2.964,2.958,2.950,2.941,2.933,
Mexico,2.241,2.266,2.290,2.315,2.339,2.364,2.389,2.417,2.446,2.474,2.505,2.531,2.558,2.585,2.614,2.643,2.661,2.678,2.697,2.715,2.736,2.764,2.793,2.823,2.854,2.883,2.915,
Morocco,4.758,4.776,4.805,4.844,4.890,4.945,5.044,5.142,5.254,5.363,5.482,5.535,5.592,5.646,5.701,5.761,5.808,5.856,5.901,5.946,5.991,5.984,5.971,5.957,5.938,5.918,5.902,
Colombia,2.060,2.082,2.107,2.136,2.164,2.193,2.223,2.256,2.293,2.322,2.362,2.381,2.404,2.434,2.461,2.484,2.450,2.420,2.388,2.359,2.332,2.341,2.351,2.361,2.371,2.389,2.401,
Tanzania,2.853,2.855,2.851,2.854,2.855,2.860,2.855,2.848,2.849,2.848,2.852,2.855,2.855,2.858,2.858,2.858,2.853,2.844,2.840,2.834,2.833,2.836,2.846,2.852,2.866,2.876,2.891,
Saudi Arabia,2.753,2.741,2.740,2.742,2.750,2.767,2.803,2.841,2.876,2.908,2.940,2.964,2.999,3.038,3.079,3.126,3.166,3.205,3.244,3.286,3.330,3.380,3.431,3.481,3.528,3.573,3.613,
Qatar,3.867,3.872,3.884,3.903,3.930,3.969,3.983,4.007,4.047,4.083,4.114,4.117,4.114,4.113,4.120,4.132,4.134,4.152,4.178,4.205,4.230,4.199,4.187,4.180,4.176,4.183,4.189,
Netherlands,4.737,4.771,4.806,4.829,4.867,4.900,4.877,4.851,4.834,4.809,4.784,4.765,4.750,4.737,4.726,4.719,4.721,4.727,4.728,4.727,4.731,4.738,4.739,4.739,4.748,4.748,4.755,
Yemen,2.987,2.996,3.010,3.027,3.039,3.059,3.046,3.045,3.041,3.049,3.064,3.073,3.084,3.104,3.129,3.161,3.188,3.210,3.227,3.246,3.259,3.260,3.272,3.281,3.309,3.340,3.373,
United Arab Emirates,3.010,3.016,3.041,3.065,3.096,3.125,3.112,3.107,3.100,3.107,3.114,3.130,3.154,3.184,3.220,3.259,3.257,3.266,3.285,3.290,3.292,3.304,3.324,3.336,3.355,3.387,3.403,
Kenya,2.614,2.619,2.630,2.645,2.662,2.683,2.705,2.731,2.762,2.793,2.830,2.838,2.849,2.858,2.866,2.875,2.866,2.853,2.843,2.832,2.824,2.826,2.830,2.836,2.844,2.855,2.867,
Turkey,3.469,3.499,3.530,3.561,3.590,3.623,3.659,3.694,3.736,3.773,3.814,3.840,3.865,3.897,3.923,3.949,3.942,3.936,3.919,3.911,3.911,3.918,3.917,3.922,3.923,3.929,3.932,
Finland,6.257,6.253,6.255,6.259,6.258,6.256,6.223,6.196,6.171,6.141,6.121,6.064,6.016,5.963,5.907,5.862,5.859,5.853,5.853,5.846,5.841,5.800,5.766,5.737,5.701,5.666,5.635,
Malaysia,2.734,2.749,2.769,2.785,2.802,2.823,2.827,2.837,2.854,2.865,2.883,2.943,3.001,3.071,3.141,3.216,3.236,3.252,3.263,3.287,3.301,3.344,3.402,3.457,3.509,3.575,3.631,
Panama,2.417,2.449,2.471,2.496,2.516,2.533,2.552,2.569,2.588,2.610,2.634,2.649,2.670,2.689,2.710,2.735,2.744,2.748,2.762,2.771,2.787,2.803,2.819,2.840,2.855,2.875,2.899,
Iran,4.003,4.026,4.059,4.108,4.170,4.248,4.284,4.342,4.401,4.449,4.492,4.586,4.686,4.779,4.877,4.974,5.016,5.056,5.085,5.108,5.132,5.230,5.348,5.452,5.562,5.686,5.811,
Haiti,2.695,2.699,2.709,2.720,2.734,2.754,2.761,2.770,2.778,2.788,2.800,2.807,2.821,2.830,2.841,2.853,2.865,2.874,2.888,2.903,2.925,2.940,2.962,2.977,2.990,3.008,3.024,
Dominican Republic,2.679,2.692,2.706,2.721,2.738,2.759,2.789,2.824,2.864,2.900,2.943,2.967,2.990,3.017,3.044,3.070,3.088,3.103,3.121,3.135,3.151,3.161,3.167,3.180,3.189,3.201,3.213,
Croatia,3.796,3.816,3.832,3.850,3.872,3.896,3.883,3.869,3.861,3.849,3.844,3.838,3.828,3.819,3.810,3.798,3.792,3.784,3.781,3.777,3.773,3.782,3.797,3.811,3.815,3.828,3.839,
Thailand,2.831,2.873,2.921,2.959,3.002,3.044,3.084,3.129,3.173,3.226,3.279,3.321,3.360,3.403,3.442,3.487,3.530,3.575,3.622,3.672,3.720,3.758,3.794,3.824,3.863,3.897,3.932,
Estonia,5.386,5.398,5.425,5.465,5.506,5.535,5.573,5.597,5.635,5.678,5.714,5.682,5.667,5.640,5.611,5.583,5.545,5.502,5.455,5.403,5.360,5.340,5.326,5.306,5.301,5.283,5.270,
Congo (Kinshasa),3.333,3.326,3.323,3.322,3.322,3.326,3.309,3.295,3.281,3.272,3.271,3.256,3.251,3.245,3.235,3.238,3.231,3.220,3.219,3.209,3.213,3.207,3.207,3.202,3.204,3.205,3.202,
Kuwait,3.478,3.500,3.511,3.512,3.507,3.504,3.508,3.539,3.586,3.648,3.703,3.722,3.731,3.745,3.761,3.787,3.793,3.798,3.821,3.851,3.881,3.912,3.947,3.978,4.012,4.048,4.068,
Germany,4.652,4.647,4.638,4.629,4.625,4.615,4.594,4.574,4.558,4.534,4.524,4.561,4.602,4.641,4.683,4.719,4.721,4.721,4.719,4.718,4.716,4.730,4.745,4.767,4.776,4.794,4.810,
Ireland,4.337,4.373,4.416,4.456,4.498,4.547,4.586,4.636,4.667,4.707,4.746,4.775,4.804,4.831,4.842,4.861,4.862,4.859,4.849,4.825,4.811,4.782,4.751,4.729,4.700,4.676,4.655,
Myanmar (Burma),1.920,1.926,1.938,1.948,1.962,1.977,1.989,1.999,2.014,2.023,2.039,2.056,2.066,2.082,2.098,2.113,2.133,2.152,2.172,2.190,2.213,2.244,2.272,2.303,2.338,2.374,2.409,
Equatorial Guinea,3.850,3.812,3.783,3.753,3.736,3.725,3.699,3.677,3.671,3.670,3.685,3.683,3.698,3.708,3.719,3.737,3.755,3.767,3.784,3.802,3.821,3.817,3.830,3.835,3.838,3.842,3.849,
Uganda,3.712,3.741,3.779,3.819,3.858,3.903,3.935,3.963,4.001,4.030,4.064,4.052,4.041,4.030,4.028,4.014,3.949,3.888,3.831,3.780,3.726,3.696,3.672,3.643,3.624,3.604,3.586,
Kazakhstan,3.294,3.315,3.340,3.358,3.382,3.412,3.455,3.496,3.544,3.594,3.645,3.668,3.691,3.715,3.734,3.748,3.747,3.740,3.735,3.729,3.720,3.721,3.713,3.714,3.698,3.682,3.669,
Gabon,3.783,3.771,3.769,3.762,3.760,3.767,3.761,3.762,3.762,3.765,3.779,3.769,3.769,3.771,3.768,3.777,3.770,3.763,3.763,3.759,3.762,3.760,3.764,3.759,3.759,3.762,3.765,
South Korea,3.472,3.488,3.514,3.537,3.565,3.595,3.612,3.630,3.652,3.667,3.684,3.750,3.842,3.938,4.037,4.147,4.200,4.249,4.298,4.362,4.428,4.447,4.473,4.488,4.507,4.512,4.537,
Timor Leste,2.711,2.716,2.716,2.721,2.727,2.738,2.698,2.663,2.617,2.579,2.551,2.559,2.560,2.564,2.552,2.543,2.572,2.594,2.616,2.634,2.654,2.650,2.643,2.647,2.659,2.671,2.679,
Mauritania,2.550,2.545,2.548,2.547,2.550,2.555,2.547,2.537,2.535,2.525,2.524,2.524,2.526,2.532,2.533,2.543,2.545,2.549,2.549,2.557,2.565,2.581,2.603,2.625,2.648,2.670,2.695,
Algeria,3.095,3.098,3.110,3.120,3.141,3.158,3.171,3.196,3.224,3.244,3.281,3.308,3.344,3.384,3.424,3.468,3.497,3.516,3.545,3.565,3.592,3.629,3.659,3.687,3.713,3.740,3.765,
Peru,2.094,2.108,2.126,2.143,2.164,2.184,2.189,2.194,2.199,2.207,2.215,2.224,2.234,2.250,2.265,2.277,2.285,2.288,2.298,2.299,2.308,2.319,2.335,2.345,2.359,2.373,2.386,
Angola,3.305,3.303,3.310,3.317,3.322,3.334,3.319,3.306,3.300,3.296,3.299,3.287,3.274,3.266,3.264,3.255,3.247,3.241,3.230,3.229,3.229,3.216,3.212,3.214,3.208,3.212,3.215,
Mozambique,2.931,2.957,2.984,3.011,3.036,3.051,3.044,3.034,3.024,3.027,3.024,3.014,3.014,3.002,3.004,3.006,2.996,2.983,2.976,2.972,2.973,2.971,2.968,2.976,2.980,2.989,3.005,
Costa Rica,2.562,2.578,2.598,2.622,2.645,2.674,2.702,2.730,2.763,2.796,2.834,2.857,2.887,2.917,2.946,2.982,3.011,3.039,3.064,3.101,3.131,3.154,3.186,3.204,3.232,3.261,3.286,
El Salvador,2.767,2.796,2.818,2.846,2.869,2.885,2.896,2.899,2.904,2.913,2.914,2.918,2.926,2.930,2.936,2.941,2.966,2.992,3.014,3.035,3.061,3.093,3.123,3.151,3.179,3.206,3.232,
Guatemala,2.487,2.499,2.523,2.547,2.575,2.608,2.630,2.660,2.685,2.711,2.750,2.753,2.769,2.782,2.796,2.816,2.817,2.813,2.821,2.821,2.832,2.841,2.853,2.863,2.877,2.887,2.901,
Belize,2.329,2.351,2.371,2.402,2.437,2.479,2.519,2.555,2.583,2.605,2.621,2.625,2.634,2.647,2.658,2.679,2.701,2.726,2.751,2.777,2.803,2.822,2.853,2.874,2.901,2.928,2.949,
Venezuela,2.424,2.438,2.458,2.479,2.506,2.530,2.552,2.575,2.594,2.609,2.637,2.652,2.667,2.684,2.703,2.719,2.741,2.760,2.785,2.803,2.827,2.845,2.859,2.881,2.904,2.925,2.948,
Guyana,3.632,3.672,3.714,3.753,3.795,3.842,3.905,3.955,4.001,4.036,4.064,4.105,4.146,4.179,4.223,4.270,4.308,4.349,4.393,4.437,4.484,4.517,4.558,4.603,4.657,4.702,4.741,
Honduras,1.999,2.006,2.024,2.037,2.054,2.073,2.089,2.108,2.128,2.154,2.175,2.193,2.216,2.240,2.263,2.290,2.314,2.332,2.359,2.383,2.414,2.438,2.463,2.486,2.513,2.547,2.575,
Nicaragua,2.263,2.281,2.298,2.325,2.349,2.376,2.401,2.429,2.456,2.489,2.522,2.551,2.574,2.603,2.631,2.655,2.679,2.701,2.721,2.736,2.756,2.780,2.807,2.832,2.854,2.881,2.904,
Malawi,2.689,2.676,2.664,2.657,2.653,2.660,2.628,2.609,2.592,2.571,2.551,2.542,2.534,2.527,2.522,2.518,2.511,2.505,2.497,2.488,2.482,2.492,2.515,2.527,2.542,2.558,2.584,
Turkmenistan,2.383,2.377,2.393,2.412,2.442,2.462,2.480,2.497,2.520,2.541,2.570,2.593,2.618,2.648,2.674,2.705,2.722,2.738,2.746,2.756,2.760,2.770,2.779,2.791,2.802,2.814,2.825,
Zambia,2.664,2.668,2.681,2.688,2.701,2.716,2.698,2.689,2.675,2.661,2.655,2.654,2.652,2.650,2.652,2.652,2.644,2.636,2.626,2.621,2.617,2.632,2.651,2.671,2.690,2.711,2.738,
South Africa,3.435,3.439,3.448,3.457,3.464,3.478,3.496,3.516,3.536,3.554,3.576,3.603,3.640,3.674,3.706,3.743,3.749,3.754,3.760,3.768,3.777,3.802,3.829,3.856,3.881,3.907,3.929,
Lithuania,4.922,4.958,4.991,5.040,5.091,5.144,5.189,5.233,5.276,5.321,5.371,5.386,5.404,5.431,5.444,5.458,5.481,5.493,5.508,5.516,5.528,5.547,5.572,5.582,5.593,5.613,5.624,
Ethiopia,3.251,3.231,3.227,3.220,3.209,3.216,3.191,3.170,3.149,3.131,3.120,3.107,3.097,3.088,3.080,3.074,3.065,3.057,3.055,3.058,3.065,3.078,3.096,3.111,3.128,3.147,3.171,
Ghana,2.718,2.726,2.727,2.743,2.756,2.774,2.783,2.799,2.816,2.827,2.844,2.855,2.869,2.877,2.896,2.906,2.909,2.908,2.905,2.910,2.905,2.908,2.911,2.913,2.924,2.942,2.954,
Slovenia,4.042,4.077,4.113,4.137,4.172,4.214,4.214,4.213,4.221,4.226,4.223,4.212,4.197,4.181,4.167,4.154,4.127,4.091,4.056,4.029,3.992,3.982,3.973,3.971,3.968,3.960,3.956,
Bosnia and Herzegovina,2.909,2.920,2.938,2.952,2.972,3.002,3.012,3.024,3.050,3.069,3.092,3.097,3.102,3.102,3.096,3.093,3.081,3.067,3.063,3.054,3.049,3.064,3.077,3.080,3.085,3.097,3.103,
Jordan,3.021,3.061,3.108,3.147,3.192,3.230,3.222,3.221,3.218,3.219,3.233,3.244,3.256,3.264,3.277,3.290,3.293,3.290,3.283,3.283,3.275,3.294,3.313,3.331,3.350,3.377,3.400,
Syria,2.855,2.861,2.874,2.880,2.894,2.913,2.932,2.954,2.981,3.005,3.039,3.055,3.068,3.083,3.105,3.129,3.155,3.173,3.207,3.225,3.243,3.252,3.256,3.268,3.288,3.315,3.392,
Albania,2.058,2.063,2.075,2.085,2.097,2.114,2.136,2.156,2.184,2.210,2.236,2.269,2.300,2.339,2.374,2.415,2.448,2.475,2.503,2.533,2.565,2.595,2.626,2.654,2.681,2.710,2.726,
Uruguay,3.553,3.558,3.566,3.574,3.573,3.580,3.601,3.621,3.648,3.674,3.704,3.724,3.740,3.763,3.788,3.808,3.828,3.844,3.865,3.884,3.909,3.934,3.953,3.972,3.999,4.023,4.042,
Mongolia,2.816,2.847,2.883,2.924,2.963,3.012,3.043,3.082,3.125,3.173,3.220,3.267,3.316,3.366,3.414,3.459,3.502,3.533,3.567,3.590,3.613,3.608,3.592,3.584,3.565,3.546,3.533,
Rwanda,3.060,3.051,3.048,3.062,3.118,3.206,3.251,3.292,3.328,3.356,3.367,3.364,3.351,3.324,3.296,3.273,3.234,3.193,3.165,3.135,3.110,3.122,3.133,3.158,3.175,3.206,3.230,
Bolivia,2.663,2.686,2.710,2.732,2.760,2.789,2.796,2.798,2.810,2.823,2.837,2.839,2.841,2.850,2.854,2.864,2.875,2.881,2.899,2.911,2.927,2.933,2.946,2.957,2.969,2.974,2.989,
Cameroon,2.883,2.876,2.871,2.874,2.876,2.889,2.889,2.900,2.905,2.918,2.937,2.935,2.941,2.941,2.951,2.958,2.960,2.962,2.963,2.968,2.979,2.973,2.978,2.985,2.990,3.004,3.013,
Congo (Brazzaville),3.507,3.513,3.524,3.536,3.550,3.570,3.580,3.602,3.622,3.647,3.666,3.643,3.625,3.610,3.595,3.587,3.580,3.567,3.556,3.545,3.540,3.510,3.486,3.468,3.443,3.430,3.425,
Serbia,3.180,3.201,3.220,3.241,3.260,3.287,3.300,3.322,3.338,3.363,3.388,3.393,3.393,3.398,3.398,3.401,3.407,3.411,3.417,3.424,3.437,3.441,3.447,3.451,3.458,3.464,3.469,
Montenegro,2.783,2.805,2.833,2.853,2.874,2.907,2.930,2.952,2.982,3.008,3.035,3.055,3.070,3.092,3.110,3.130,3.143,3.150,3.161,3.166,3.175,3.184,3.189,3.198,3.199,3.211,3.219,
Benin,2.805,2.801,2.805,2.802,2.806,2.816,2.810,2.810,2.812,2.812,2.822,2.821,2.819,2.824,2.828,2.837,2.838,2.837,2.842,2.851,2.861,2.859,2.874,2.874,2.888,2.901,2.909,
Nigeria,3.194,3.179,3.170,3.165,3.159,3.165,3.192,3.224,3.254,3.294,3.330,3.314,3.308,3.291,3.287,3.276,3.290,3.302,3.315,3.334,3.352,3.295,3.238,3.186,3.147,3.100,3.069,
Togo,2.755,2.751,2.749,2.755,2.760,2.776,2.786,2.796,2.809,2.825,2.844,2.852,2.856,2.858,2.874,2.881,2.893,2.899,2.909,2.917,2.923,2.935,2.938,2.947,2.957,2.966,2.981,
Laos,2.178,2.184,2.193,2.197,2.206,2.217,2.193,2.171,2.157,2.140,2.133,2.143,2.154,2.173,2.190,2.214,2.233,2.250,2.269,2.286,2.303,2.323,2.342,2.360,2.379,2.391,2.412,
Afghanistan,3.144,3.161,3.190,3.210,3.225,3.236,3.224,3.209,3.201,3.190,3.196,3.192,3.198,3.199,3.207,3.212,3.204,3.196,3.193,3.192,3.206,3.219,3.236,3.254,3.277,3.296,3.319,
Ukraine,5.361,5.397,5.434,5.473,5.517,5.566,5.615,5.656,5.705,5.761,5.813,5.813,5.815,5.808,5.804,5.788,5.748,5.700,5.651,5.599,5.546,5.529,5.516,5.489,5.484,5.482,5.481,
Slovakia,2.817,2.830,2.848,2.866,2.886,2.910,2.929,2.939,2.958,2.970,2.986,2.999,3.020,3.036,3.050,3.065,3.075,3.087,3.092,3.096,3.100,3.103,3.104,3.107,3.110,3.113,3.120,
Pakistan,2.695,2.715,2.739,2.767,2.796,2.826,2.845,2.864,2.888,2.918,2.949,2.964,2.987,3.003,3.023,3.039,3.024,3.007,2.998,2.978,2.963,2.964,2.978,2.981,2.993,3.006,3.022,
Bulgaria,3.393,3.420,3.448,3.475,3.513,3.542,3.548,3.551,3.554,3.559,3.562,3.557,3.553,3.554,3.543,3.538,3.534,3.527,3.521,3.512,3.504,3.514,3.530,3.543,3.555,3.568,3.583,
Austria,4.210,4.215,4.221,4.228,4.234,4.241,4.210,4.182,4.165,4.134,4.112,4.094,4.077,4.062,4.040,4.026,4.023,4.015,4.013,4.010,3.997,3.999,3.997,3.998,3.993,3.995,3.994,
Hungary,3.944,3.958,3.973,3.987,3.998,4.020,3.971,3.923,3.877,3.834,3.788,3.782,3.771,3.763,3.750,3.738,3.732,3.719,3.713,3.705,3.700,3.716,3.747,3.761,3.772,3.784,3.797,
Niger,2.652,2.649,2.643,2.644,2.650,2.651,2.643,2.642,2.640,2.640,2.644,2.628,2.619,2.607,2.603,2.598,2.587,2.573,2.566,2.559,2.557,2.551,2.547,2.544,2.535,2.532,2.531,
Luxembourg,4.728,4.713,4.691,4.680,4.661,4.649,4.607,4.570,4.526,4.478,4.444,4.419,4.389,4.367,4.336,4.314,4.300,4.287,4.269,4.261,4.245,4.251,4.255,4.260,4.269,4.273,4.279,
Andorra,4.496,4.500,4.509,4.513,4.510,4.505,4.498,4.488,4.490,4.489,4.488,4.487,4.489,4.498,4.505,4.509,4.510,4.509,4.506,4.505,4.502,4.506,4.509,4.513,4.514,4.522,4.527,
Ivory Coast,2.630,2.635,2.653,2.667,2.686,2.705,2.696,2.689,2.682,2.672,2.667,2.659,2.648,2.636,2.626,2.620,2.616,2.617,2.615,2.619,2.621,2.635,2.652,2.667,2.681,2.701,2.718,
Liberia,2.824,2.809,2.807,2.811,2.825,2.847,2.864,2.892,2.913,2.922,2.931,2.952,2.970,3.001,3.030,3.078,3.082,3.088,3.097,3.105,3.110,3.114,3.120,3.131,3.142,3.156,3.169,
Sierra Leone,2.879,2.857,2.840,2.824,2.819,2.815,2.817,2.826,2.836,2.853,2.871,2.879,2.888,2.905,2.906,2.915,2.910,2.903,2.897,2.892,2.897,2.900,2.902,2.908,2.911,2.918,2.931,
Brunei,2.673,2.670,2.662,2.661,2.659,2.662,2.671,2.684,2.703,2.722,2.736,2.746,2.760,2.774,2.794,2.817,2.822,2.827,2.831,2.837,2.847,2.876,2.905,2.931,2.963,2.988,3.012,
Belgium,4.293,4.292,4.290,4.299,4.301,4.300,4.333,4.364,4.394,4.427,4.457,4.499,4.547,4.596,4.643,4.690,4.734,4.775,4.826,4.866,4.910,4.908,4.910,4.906,4.914,4.909,4.908,
Iraq,2.924,2.943,2.968,2.983,3.005,3.027,3.012,2.998,2.980,2.963,2.955,2.963,2.971,2.978,2.989,2.996,2.997,2.994,2.984,2.973,2.959,2.976,2.996,3.022,3.053,3.082,3.123,
Georgia,3.128,3.125,3.127,3.128,3.133,3.141,3.165,3.198,3.232,3.264,3.299,3.321,3.347,3.379,3.412,3.442,3.460,3.467,3.471,3.481,3.484,3.482,3.490,3.484,3.483,3.487,3.485,
Gambia,3.087,3.074,3.065,3.072,3.074,3.092,3.084,3.086,3.085,3.096,3.105,3.095,3.098,3.102,3.106,3.114,3.096,3.076,3.062,3.048,3.045,3.050,3.063,3.081,3.094,3.107,3.123,
Switzerland,4.831,4.836,4.840,4.854,4.857,4.862,4.836,4.814,4.788,4.765,4.745,4.707,4.677,4.637,4.606,4.577,4.558,4.538,4.520,4.497,4.477,4.468,4.449,4.443,4.435,4.421,4.411,
Chad,2.986,2.964,2.950,2.944,2.934,2.932,2.938,2.944,2.958,2.976,2.995,2.983,2.977,2.978,2.969,2.972,2.959,2.940,2.935,2.921,2.926,2.904,2.893,2.881,2.871,2.865,2.859,
Lebanon,3.215,3.277,3.342,3.419,3.489,3.562,3.617,3.682,3.754,3.832,3.914,3.940,3.977,4.011,4.052,4.095,4.112,4.127,4.141,4.165,4.192,4.183,4.179,4.175,4.164,4.148,4.157,
Djibouti,2.818,2.803,2.791,2.775,2.766,2.762,2.764,2.773,2.791,2.806,2.833,2.854,2.881,2.912,2.940,2.974,2.993,3.009,3.028,3.046,3.064,3.084,3.108,3.137,3.161,3.186,3.217,
Eritrea,2.890,2.861,2.838,2.813,2.797,2.788,2.800,2.829,2.853,2.882,2.909,2.936,2.966,2.992,3.009,3.027,3.024,3.010,3.002,2.988,2.985,2.988,2.987,2.998,3.011,3.025,3.050,
Burundi,3.149,3.127,3.114,3.100,3.094,3.099,3.070,3.047,3.026,3.012,3.007,3.007,3.010,3.012,3.016,3.009,2.998,2.984,2.970,2.955,2.942,2.931,2.920,2.913,2.898,2.895,2.894,
Suriname,3.807,3.840,3.879,3.910,3.939,3.976,3.991,4.018,4.042,4.077,4.111,4.164,4.222,4.277,4.340,4.392,4.432,4.475,4.520,4.567,4.612,4.631,4.647,4.664,4.682,4.699,4.715,
Israel,4.098,4.159,4.224,4.285,4.342,4.405,4.424,4.451,4.472,4.494,4.507,4.491,4.482,4.465,4.451,4.440,4.426,4.411,4.398,4.388,4.374,4.324,4.272,4.231,4.186,4.144,4.098,
Guinea Bissau,2.929,2.918,2.906,2.903,2.899,2.903,2.897,2.896,2.903,2.912,2.916,2.917,2.919,2.926,2.929,2.943,2.950,2.952,2.960,2.973,2.987,2.988,2.998,3.004,3.017,3.025,3.039,
Senegal,2.588,2.589,2.585,2.591,2.598,2.608,2.598,2.588,2.587,2.577,2.584,2.587,2.591,2.597,2.600,2.601,2.598,2.594,2.594,2.594,2.594,2.612,2.624,2.637,2.658,2.675,2.693,
Guinea,2.915,2.908,2.909,2.905,2.903,2.903,2.888,2.879,2.872,2.866,2.868,2.854,2.852,2.846,2.846,2.849,2.847,2.852,2.852,2.855,2.864,2.865,2.870,2.873,2.879,2.886,2.894,
Poland,2.524,2.550,2.577,2.607,2.644,2.674,2.701,2.727,2.756,2.783,2.809,2.820,2.823,2.830,2.838,2.843,2.860,2.878,2.889,2.899,2.912,2.919,2.921,2.928,2.928,2.934,2.939,
North Macedonia,2.606,2.613,2.620,2.631,2.639,2.653,2.668,2.687,2.702,2.719,2.736,2.748,2.765,2.782,2.799,2.817,2.832,2.848,2.855,2.862,2.874,2.890,2.904,2.920,2.938,2.958,2.975,
Paraguay,2.502,2.508,2.519,2.532,2.549,2.571,2.578,2.592,2.611,2.625,2.648,2.675,2.711,2.739,2.776,2.809,2.835,2.858,2.889,2.914,2.950,2.980,3.012,3.038,3.070,3.097,3.127,
Belarus,4.655,4.679,4.721,4.755,4.801,4.846,4.886,4.938,4.987,5.044,5.093,5.122,5.164,5.195,5.232,5.260,5.264,5.265,5.267,5.257,5.249,5.250,5.241,5.238,5.231,5.226,5.232,
Latvia,4.816,4.813,4.827,4.855,4.873,4.894,4.889,4.886,4.881,4.885,4.881,4.847,4.834,4.813,4.784,4.751,4.750,4.744,4.738,4.743,4.747,4.773,4.794,4.811,4.830,4.842,4.854,
Burkina Faso,2.763,2.733,2.713,2.690,2.672,2.665,2.660,2.655,2.650,2.644,2.645,2.642,2.646,2.648,2.650,2.659,2.651,2.642,2.639,2.637,2.636,2.650,2.667,2.689,2.713,2.738,2.764,
South Sudan,2.840,2.822,2.806,2.792,2.785,2.795,2.802,2.817,2.833,2.844,2.856,2.846,2.838,2.838,2.837,2.846,2.844,2.841,2.847,2.848,2.859,2.859,2.865,2.867,2.872,2.878,2.881,
Namibia,2.873,2.886,2.901,2.922,2.944,2.978,2.965,2.962,2.958,2.955,2.952,2.957,2.959,2.970,2.980,2.994,2.999,3.001,3.008,3.006,3.009,3.041,3.069,3.096,3.124,3.156,3.183,
Romania,2.752,2.778,2.800,2.813,2.839,2.858,2.873,2.887,2.911,2.932,2.952,2.966,2.984,3.007,3.018,3.029,3.041,3.055,3.061,3.071,3.088,3.111,3.133,3.141,3.165,3.181,3.195,
Zimbabwe,2.321,2.325,2.333,2.345,2.361,2.382,2.373,2.375,2.372,2.370,2.366,2.371,2.380,2.385,2.385,2.393,2.398,2.397,2.396,2.394,2.391,2.401,2.411,2.424,2.435,2.447,2.468,
Cambodia,2.466,2.456,2.446,2.442,2.456,2.475,2.466,2.468,2.485,2.497,2.525,2.544,2.569,2.589,2.617,2.637,2.667,2.696,2.713,2.736,2.757,2.781,2.797,2.817,2.828,2.847,2.861,
Sudan,3.191,3.194,3.205,3.218,3.226,3.235,3.231,3.231,3.230,3.228,3.238,3.233,3.234,3.236,3.242,3.256,3.265,3.275,3.286,3.305,3.321,3.338,3.353,3.375,3.399,3.419,3.446,
Mali,2.386,2.372,2.373,2.368,2.368,2.367,2.341,2.316,2.299,2.281,2.263,2.251,2.239,2.229,2.224,2.220,2.214,2.207,2.209,2.204,2.206,2.210,2.216,2.220,2.231,2.239,2.251,
Bhutan,2.726,2.701,2.668,2.647,2.624,2.606,2.610,2.627,2.650,2.673,2.700,2.728,2.748,2.784,2.820,2.853,2.881,2.907,2.936,2.974,3.005,3.047,3.096,3.146,3.197,3.252,3.300,
Botswana,3.037,3.071,3.114,3.162,3.209,3.261,3.293,3.331,3.375,3.416,3.466,3.484,3.506,3.531,3.553,3.574,3.597,3.616,3.632,3.654,3.674,3.683,3.694,3.717,3.730,3.744,3.759,
Moldova,4.036,4.028,4.025,4.018,4.021,4.025,4.031,4.035,4.047,4.064,4.082,4.097,4.107,4.123,4.137,4.146,4.161,4.177,4.180,4.193,4.209,4.234,4.252,4.277,4.304,4.318,4.336,
Central African Republic,3.638,3.645,3.651,3.666,3.676,3.698,3.696,3.690,3.694,3.700,3.713,3.705,3.695,3.691,3.684,3.689,3.692,3.695,3.708,3.709,3.723,3.723,3.726,3.727,3.733,3.746,3.752,
New Zealand,4.947,4.960,4.969,4.975,4.980,4.986,4.969,4.955,4.928,4.925,4.907,4.909,4.912,4.928,4.942,4.943,4.944,4.940,4.935,4.926,4.924,4.917,4.914,4.911,4.911,4.906,4.912,
Cuba,4.874,4.871,4.883,4.891,4.892,4.903,4.861,4.813,4.771,4.737,4.705,4.660,4.624,4.590,4.559,4.542,4.547,4.545,4.554,4.551,4.550,4.566,4.578,4.599,4.629,4.653,4.682,
Vietnam,2.563,2.571,2.584,2.600,2.611,2.632,2.649,2.668,2.686,2.711,2.740,2.767,2.791,2.824,2.857,2.893,2.933,2.972,3.004,3.031,3.058,3.085,3.107,3.136,3.160,3.183,3.210,
Tunisia,3.557,3.574,3.604,3.636,3.664,3.700,3.742,3.789,3.829,3.884,3.942,3.982,4.024,4.060,4.096,4.130,4.156,4.178,4.197,4.213,4.235,4.250,4.269,4.289,4.314,4.332,4.357,
Taiwan,2.674,2.727,2.782,2.830,2.878,2.917,2.966,3.009,3.061,3.108,3.160,3.209,3.259,3.309,3.367,3.427,3.482,3.534,3.593,3.644,3.701,3.754,3.789,3.833,3.869,3.905,3.939,
Madagascar,2.914,2.917,2.915,2.912,2.904,2.907,2.896,2.878,2.871,2.859,2.860,2.852,2.851,2.858,2.853,2.866,2.873,2.881,2.893,2.905,2.921,2.939,2.959,2.980,2.998,3.024,3.040,
Iceland,3.843,3.852,3.860,3.870,3.882,3.890,3.882,3.876,3.881,3.875,3.871,3.865,3.854,3.852,3.845,3.836,3.826,3.821,3.816,3.804,3.798,3.805,3.803,3.816,3.826,3.839,3.847,
Sri Lanka,3.452,3.501,3.550,3.596,3.652,3.710,3.696,3.688,3.681,3.675,3.667,3.660,3.645,3.632,3.615,3.604,3.606,3.609,3.607,3.606,3.611,3.636,3.660,3.692,3.719,3.754,3.786,
Somalia,3.130,3.123,3.105,3.093,3.092,3.094,3.087,3.091,3.088,3.095,3.091,3.080,3.065,3.057,3.048,3.047,3.035,3.018,3.014,3.011,3.016,3.018,3.025,3.030,3.034,3.038,3.042,
Egypt,2.834,2.826,2.831,2.840,2.849,2.868,2.856,2.864,2.873,2.884,2.892,2.913,2.932,2.951,2.968,2.987,3.006,3.015,3.036,3.045,3.056,3.079,3.093,3.118,3.136,3.161,3.189,
Libya,3.252,3.267,3.288,3.304,3.328,3.344,3.371,3.406,3.440,3.486,3.531,3.557,3.601,3.635,3.670,3.714,3.742,3.766,3.793,3.816,3.846,3.872,3.900,3.933,3.963,3.994,4.038,
Nepal,2.792,2.784,2.778,2.780,2.776,2.780,2.819,2.860,2.901,2.948,2.991,3.009,3.020,3.040,3.056,3.087,3.120,3.157,3.188,3.225,3.258,3.262,3.263,3.259,3.260,3.266,3.270,
Bermuda,3.427,3.427,3.419,3.421,3.419,3.423,3.411,3.408,3.399,3.398,3.398,3.395,3.391,3.394,3.396,3.397,3.397,3.398,3.393,3.394,3.396,3.407,3.411,3.425,3.438,3.449,3.465,
Kiribati,2.649,2.640,2.635,2.634,2.632,2.642,2.640,2.644,2.650,2.661,2.676,2.687,2.698,2.711,2.719,2.730,2.752,2.774,2.799,2.830,2.859,2.873,2.892,2.896,2.901,2.903,2.910,
Marshall Islands,2.418,2.432,2.449,2.465,2.482,2.494,2.495,2.496,2.495,2.504,2.510,2.521,2.535,2.547,2.561,2.578,2.590,2.600,2.615,2.628,2.643,2.651,2.660,2.677,2.691,2.706,2.727,
Federated States of Micronesia,2.373,2.392,2.417,2.443,2.470,2.499,2.517,2.534,2.555,2.581,2.607,2.621,2.643,2.656,2.680,2.700,2.728,2.745,2.774,2.798,2.821,2.839,2.848,2.867,2.882,2.895,2.911,
Saint Thomas and Principe,2.514,2.507,2.503,2.502,2.488,2.481,2.475,2.475,2.474,2.485,2.498,2.501,2.507,2.513,2.518,2.522,2.518,2.513,2.506,2.502,2.497,2.503,2.509,2.520,2.534,2.556,2.569,
Samoa,2.495,2.514,2.535,2.549,2.563,2.574,2.576,2.574,2.573,2.567,2.559,2.567,2.576,2.587,2.598,2.609,2.621,2.630,2.642,2.655,2.667,2.674,2.684,2.692,2.699,2.706,2.720,
Tonga,2.367,2.374,2.384,2.401,2.420,2.447,2.461,2.473,2.483,2.492,2.496,2.507,2.523,2.530,2.542,2.551,2.551,2.551,2.551,2.558,2.564,2.573,2.582,2.588,2.602,2.619,2.641,
West Bank and Gaza,3.731,3.716,3.706,3.692,3.676,3.670,3.714,3.765,3.818,3.877,3.941,3.947,3.958,3.973,3.998,4.024,4.025,4.015,3.999,3.981,3.952,3.908,3.879,3.845,3.820,3.806,3.790,
American Samoa,2.465,2.465,2.461,2.464,2.469,2.479,2.486,2.491,2.503,2.510,2.521,2.527,2.532,2.538,2.552,2.558,2.570,2.580,2.590,2.601,2.615,2.622,2.636,2.647,2.658,2.669,2.678,
Guam,3.179,3.231,3.268,3.300,3.333,3.358,3.371,3.376,3.390,3.405,3.419,3.440,3.455,3.473,3.497,3.524,3.560,3.599,3.639,3.680,3.721,3.742,3.767,3.791,3.816,3.841,3.859,
Northern Mariana Islands,2.626,2.645,2.656,2.671,2.689,2.704,2.711,2.716,2.725,2.735,2.752,2.766,2.782,2.800,2.820,2.835,2.854,2.872,2.895,2.916,2.935,2.940,2.954,2.967,2.974,2.983,2.986,
England,4.878,4.864,4.853,4.843,4.834,4.830,4.826,4.826,4.826,4.829,4.838,4.802,4.767,4.730,4.693,4.660,4.670,4.675,4.681,4.686,4.694,4.695,4.698,4.702,4.713,4.725,4.738,
Wales,4.912,4.910,4.908,4.908,4.911,4.909,4.905,4.896,4.889,4.879,4.883,4.856,4.827,4.798,4.771,4.740,4.736,4.727,4.718,4.705,4.694,4.698,4.691,4.698,4.702,4.716,4.724,
Scotland,5.023,5.017,5.012,5.005,5.005,5.002,5.005,5.002,5.006,5.006,5.014,4.995,4.971,4.940,4.910,4.888,4.897,4.904,4.901,4.904,4.907,4.903,4.901,4.898,4.901,4.898,4.902,
Northern Ireland,4.630,4.636,4.649,4.654,4.660,4.671,4.733,4.805,4.875,4.947,5.022,5.015,5.007,4.997,4.988,4.981,4.986,4.986,4.990,4.982,4.979,4.933,4.891,4.848,4.822,4.784,4.760,
High Income Countries,4.006,4.017,4.028,4.042,4.056,4.071,4.075,4.079,4.086,4.092,4.100,4.104,4.110,4.117,4.125,4.133,4.140,4.146,4.154,4.161,4.169,4.177,4.185,4.193,4.202,4.209,4.217,
Northern America,5.039,5.038,5.033,5.040,5.045,5.055,5.049,5.047,5.053,5.057,5.067,5.055,5.043,5.032,5.027,5.018,5.012,5.000,4.988,4.980,4.971,4.968,4.965,4.963,4.957,4.948,4.942,
World,3.279,3.287,3.299,3.312,3.327,3.345,3.353,3.364,3.378,3.392,3.410,3.419,3.431,3.444,3.457,3.472,3.481,3.487,3.495,3.503,3.512,3.522,3.534,3.546,3.558,3.571,3.585,
Americas,3.128,3.142,3.158,3.176,3.195,3.216,3.234,3.255,3.277,3.299,3.325,3.340,3.357,3.375,3.394,3.413,3.423,3.431,3.441,3.451,3.463,3.479,3.497,3.515,3.532,3.550,3.568,
Eastern Asia,3.259,3.281,3.305,3.326,3.348,3.372,3.383,3.398,3.416,3.435,3.457,3.494,3.540,3.588,3.635,3.687,3.727,3.764,3.799,3.834,3.872,3.887,3.905,3.921,3.936,3.948,3.965,
Asia,2.998,3.011,3.027,3.044,3.064,3.087,3.098,3.113,3.132,3.151,3.174,3.193,3.214,3.237,3.261,3.286,3.304,3.319,3.335,3.350,3.367,3.383,3.402,3.421,3.440,3.461,3.482,
Lower Middle Income Countries,2.859,2.866,2.877,2.891,2.907,2.927,2.936,2.949,2.965,2.982,3.003,3.016,3.031,3.047,3.063,3.080,3.093,3.104,3.115,3.126,3.138,3.149,3.162,3.175,3.188,3.204,3.221,
Southern Asia,3.119,3.129,3.144,3.162,3.184,3.209,3.224,3.244,3.268,3.293,3.321,3.344,3.368,3.395,3.420,3.448,3.458,3.466,3.475,3.485,3.497,3.522,3.553,3.583,3.615,3.650,3.686,
Middle Income Countries,2.934,2.944,2.959,2.974,2.992,3.013,3.027,3.045,3.065,3.087,3.112,3.128,3.146,3.165,3.185,3.206,3.218,3.228,3.239,3.250,3.261,3.275,3.290,3.305,3.321,3.338,3.356,
Western Europe,4.665,4.663,4.661,4.660,4.660,4.658,4.641,4.625,4.611,4.594,4.580,4.572,4.566,4.560,4.554,4.550,4.559,4.567,4.576,4.586,4.593,4.593,4.589,4.589,4.589,4.586,4.586,
European Union,4.374,4.380,4.387,4.395,4.405,4.414,4.414,4.413,4.415,4.416,4.418,4.416,4.416,4.416,4.413,4.411,4.414,4.414,4.415,4.415,4.416,4.417,4.418,4.418,4.419,4.419,4.420,
Europe,4.212,4.221,4.233,4.245,4.259,4.273,4.275,4.277,4.282,4.288,4.294,4.293,4.294,4.295,4.295,4.294,4.295,4.294,4.293,4.291,4.290,4.293,4.296,4.299,4.303,4.306,4.310,
Upper Middle Income Countries,2.991,3.004,3.022,3.040,3.060,3.082,3.101,3.124,3.149,3.175,3.204,3.223,3.244,3.267,3.290,3.314,3.325,3.335,3.344,3.354,3.364,3.380,3.396,3.413,3.429,3.447,3.465,
Southern Europe,3.765,3.770,3.777,3.783,3.789,3.799,3.811,3.822,3.837,3.850,3.865,3.874,3.882,3.892,3.900,3.908,3.912,3.914,3.916,3.920,3.924,3.930,3.933,3.938,3.942,3.948,3.952,
Latin America & Caribbean,2.906,2.922,2.940,2.960,2.981,3.004,3.025,3.049,3.072,3.097,3.125,3.144,3.165,3.187,3.209,3.233,3.246,3.256,3.270,3.282,3.298,3.317,3.337,3.357,3.377,3.398,3.419,
South America,3.064,3.082,3.103,3.123,3.145,3.169,3.198,3.226,3.257,3.288,3.323,3.343,3.364,3.387,3.412,3.435,3.436,3.435,3.440,3.442,3.449,3.463,3.479,3.495,3.513,3.530,3.547,
Australia & New Zealand,5.002,5.028,5.047,5.073,5.094,5.113,5.105,5.102,5.088,5.087,5.078,5.098,5.115,5.141,5.165,5.186,5.181,5.172,5.165,5.151,5.142,5.124,5.108,5.094,5.083,5.067,5.060,
Oceania,2.883,2.901,2.919,2.939,2.959,2.979,2.985,2.991,2.997,3.006,3.014,3.028,3.043,3.058,3.076,3.094,3.109,3.121,3.137,3.150,3.161,3.167,3.176,3.183,3.192,3.200,3.210,
South-Eastern Asia,2.646,2.655,2.668,2.678,2.692,2.708,2.706,2.708,2.714,2.720,2.731,2.741,2.752,2.766,2.781,2.796,2.818,2.838,2.857,2.878,2.898,2.923,2.946,2.972,2.998,3.025,3.051,
Northern Europe,4.928,4.934,4.944,4.959,4.972,4.986,4.974,4.966,4.957,4.952,4.947,4.930,4.917,4.903,4.885,4.870,4.865,4.856,4.848,4.836,4.828,4.827,4.828,4.827,4.828,4.828,4.829,
Caribbean,3.068,3.080,3.096,3.112,3.130,3.150,3.166,3.183,3.202,3.221,3.245,3.264,3.286,3.308,3.330,3.354,3.373,3.389,3.408,3.425,3.444,3.465,3.487,3.509,3.529,3.550,3.573,
Sub-Saharan Africa,2.994,2.991,2.991,2.995,3.001,3.014,3.014,3.019,3.025,3.033,3.045,3.045,3.048,3.053,3.058,3.066,3.065,3.062,3.063,3.064,3.069,3.073,3.080,3.088,3.097,3.108,3.121,
Western Africa,2.793,2.786,2.784,2.784,2.788,2.797,2.797,2.801,2.807,2.812,2.822,2.823,2.827,2.832,2.839,2.848,2.850,2.851,2.854,2.859,2.866,2.870,2.876,2.882,2.891,2.901,2.913,
Eastern Africa,2.925,2.924,2.926,2.931,2.940,2.956,2.957,2.961,2.968,2.975,2.984,2.984,2.987,2.989,2.992,2.997,2.990,2.982,2.978,2.975,2.975,2.982,2.992,3.003,3.013,3.027,3.043,
Africa,3.061,3.058,3.061,3.066,3.075,3.089,3.092,3.100,3.110,3.121,3.136,3.139,3.145,3.152,3.159,3.170,3.171,3.171,3.174,3.178,3.184,3.190,3.197,3.206,3.216,3.227,3.241,
Western Asia,3.198,3.214,3.234,3.256,3.280,3.308,3.324,3.344,3.368,3.392,3.419,3.435,3.454,3.474,3.497,3.522,3.535,3.547,3.561,3.574,3.587,3.597,3.611,3.624,3.639,3.657,3.674,
Melanesia,2.446,2.467,2.493,2.518,2.546,2.572,2.582,2.592,2.602,2.613,2.626,2.640,2.656,2.673,2.693,2.715,2.734,2.751,2.769,2.784,2.787,2.795,2.805,2.813,2.824,2.834,2.848,
Eastern Europe,3.766,3.788,3.813,3.837,3.866,3.895,3.910,3.924,3.943,3.962,3.981,3.990,3.999,4.008,4.014,4.018,4.019,4.017,4.012,4.005,4.000,4.009,4.017,4.022,4.030,4.038,4.049,
Central Asia,2.618,2.617,2.623,2.634,2.644,2.661,2.676,2.695,2.718,2.743,2.770,2.790,2.809,2.833,2.853,2.873,2.884,2.894,2.900,2.906,2.909,2.916,2.918,2.923,2.924,2.923,2.924,
Southern Africa,3.398,3.409,3.426,3.447,3.465,3.492,3.506,3.528,3.550,3.572,3.598,3.616,3.637,3.660,3.684,3.710,3.726,3.739,3.753,3.770,3.785,3.806,3.826,3.849,3.871,3.892,3.913,
Low Income Countries,2.998,2.992,2.992,2.994,2.999,3.011,3.009,3.010,3.014,3.018,3.026,3.023,3.024,3.026,3.029,3.036,3.032,3.026,3.025,3.022,3.026,3.029,3.035,3.043,3.053,3.065,3.080,
Central America,2.383,2.403,2.424,2.449,2.473,2.499,2.522,2.546,2.569,2.594,2.619,2.635,2.654,2.674,2.694,2.718,2.737,2.754,2.774,2.792,2.815,2.837,2.862,2.884,2.908,2.933,2.958,
Northern Africa,3.448,3.456,3.474,3.494,3.516,3.542,3.569,3.605,3.642,3.682,3.728,3.755,3.788,3.819,3.850,3.886,3.912,3.934,3.960,3.982,4.007,4.025,4.041,4.060,4.077,4.094,4.116,
Middle Africa,3.311,3.302,3.298,3.297,3.296,3.302,3.296,3.295,3.296,3.303,3.316,3.307,3.304,3.303,3.300,3.304,3.301,3.296,3.296,3.294,3.299,3.290,3.289,3.288,3.287,3.291,3.294,
Micronesia,2.649,2.668,2.685,2.703,2.721,2.739,2.747,2.753,2.763,2.777,2.793,2.807,2.823,2.837,2.855,2.873,2.897,2.918,2.944,2.970,2.996,3.009,3.024,3.040,3.053,3.066,3.079,
Polynesia,NaN,NaN,NaN,NaN,NaN,NaN,NaN,NaN,NaN,NaN,NaN,NaN,NaN,NaN,NaN,NaN,NaN,NaN,NaN,NaN,NaN,NaN,NaN,NaN,NaN,NaN,NaN,
