country_name, 1990,1991,1992,1993,1994,1995,1996,1997,1998,1999,2000,2001,2002,2003,2004,2005,2006,2007,2008,2009,2010,2011,2012,2013,2014,2015,
United States,73.700,74.160*,74.620*,75.080*,75.540*,76.000,76.360*,76.720*,77.080*,77.440*,77.800,78.000*,78.200*,78.400*,78.600*,78.800,79.140*,79.480*,79.820*,80.160*,80.500,80.660*,80.820*,80.980*,81.140*,81.300,
Japan,78.300,78.780*,79.260*,79.740*,80.220*,80.700,81.140*,81.580*,82.020*,82.460*,82.900,83.440*,83.980*,84.520*,85.060*,85.600,86.040*,86.480*,86.920*,87.360*,87.800,88.040*,88.280*,88.520*,88.760*,89.000,
India,30.700,31.180*,31.660*,32.140*,32.620*,33.100,33.540*,33.980*,34.420*,34.860*,35.300,35.880*,36.460*,37.040*,37.620*,38.200,38.800*,39.400*,40.000*,40.600*,41.200,41.920*,42.640*,43.360*,44.080*,44.800,
France,74.300,74.940*,75.580*,76.220*,76.860*,77.500,78.060*,78.620*,79.180*,79.740*,80.300,81.080*,81.860*,82.640*,83.420*,84.200,84.500*,84.800*,85.100*,85.400*,85.700,86.140*,86.580*,87.020*,87.460*,87.900,
China,49.500,50.340*,51.180*,52.020*,52.860*,53.700,54.520*,55.340*,56.160*,56.980*,57.800,58.980*,60.160*,61.340*,62.520*,63.700,64.940*,66.180*,67.420*,68.660*,69.900,70.760*,71.620*,72.480*,73.340*,74.200,
Portugal,67.200,68.060*,68.920*,69.780*,70.640*,71.500,72.140*,72.780*,73.420*,74.060*,74.700,75.700*,76.700*,77.700*,78.700*,79.700,80.140*,80.580*,81.020*,81.460*,81.900,82.420*,82.940*,83.460*,83.980*,84.500,
Ecuador,45.400,46.060*,46.720*,47.380*,48.040*,48.700,49.660*,50.620*,51.580*,52.540*,53.500,54.020*,54.540*,55.060*,55.580*,56.100,56.600*,57.100*,57.600*,58.100*,58.600,59.120*,59.640*,60.160*,60.680*,61.200,
Australia,78.000,78.560*,79.120*,79.680*,80.240*,80.800,81.380*,81.960*,82.540*,83.120*,83.700,84.200*,84.700*,85.200*,85.700*,86.200,86.600*,87.000*,87.400*,87.800*,88.200,88.520*,88.840*,89.160*,89.480*,89.800,
Philippines,45.000,45.220*,45.440*,45.660*,45.880*,46.100,46.380*,46.660*,46.940*,47.220*,47.500,47.520*,47.540*,47.560*,47.580*,47.600,48.000*,48.400*,48.800*,49.200*,49.600,50.080*,50.560*,51.040*,51.520*,52.000,
Spain,73.900,74.740*,75.580*,76.420*,77.260*,78.100,78.760*,79.420*,80.080*,80.740*,81.400,81.940*,82.480*,83.020*,83.560*,84.100,84.720*,85.340*,85.960*,86.580*,87.200,87.680*,88.160*,88.640*,89.120*,89.600,
Maldives,45.900,47.040*,48.180*,49.320*,50.460*,51.600,53.140*,54.680*,56.220*,57.760*,59.300,60.860*,62.420*,63.980*,65.540*,67.100,68.260*,69.420*,70.580*,71.740*,72.900,73.420*,73.940*,74.460*,74.980*,75.500,
United Kingdom,74.300,74.760*,75.220*,75.680*,76.140*,76.600,76.960*,77.320*,77.680*,78.040*,78.400,78.840*,79.280*,79.720*,80.160*,80.600,81.020*,81.440*,81.860*,82.280*,82.700,83.080*,83.460*,83.840*,84.220*,84.600,
Greece,76.500,77.100*,77.700*,78.300*,78.900*,79.500,80.040*,80.580*,81.120*,81.660*,82.200,82.640*,83.080*,83.520*,83.960*,84.400,84.560*,84.720*,84.880*,85.040*,85.200,85.560*,85.920*,86.280*,86.640*,87.000,
Denmark,76.600,76.720*,76.840*,76.960*,77.080*,77.200,77.660*,78.120*,78.580*,79.040*,79.500,79.980*,80.460*,80.940*,81.420*,81.900,82.240*,82.580*,82.920*,83.260*,83.600,84.020*,84.440*,84.860*,85.280*,85.700,
Greenland,59.000,59.660*,60.320*,60.980*,61.640*,62.300,62.700*,63.100*,63.500*,63.900*,64.300,64.600*,64.900*,65.200*,65.500*,65.800,66.260*,66.720*,67.180*,67.640*,68.100,68.680*,69.260*,69.840*,70.420*,71.000,
Puerto Rico,64.500,64.820*,65.140*,65.460*,65.780*,66.100,66.840*,67.580*,68.320*,69.060*,69.800,70.360*,70.920*,71.480*,72.040*,72.600,72.880*,73.160*,73.440*,73.720*,74.000,74.520*,75.040*,75.560*,76.080*,76.600,
Virgin Islands (U.S.),60.400,60.940*,61.480*,62.020*,62.560*,63.100,63.640*,64.180*,64.720*,65.260*,65.800,66.400*,67.000*,67.600*,68.200*,68.800,69.000*,69.200*,69.400*,69.600*,69.800,69.880*,69.960*,70.040*,70.120*,70.200,
Canada,78.900,79.260*,79.620*,79.980*,80.340*,80.700,81.200*,81.700*,82.200*,82.700*,83.200,83.500*,83.800*,84.100*,84.400*,84.700,85.020*,85.340*,85.660*,85.980*,86.300,86.560*,86.820*,87.080*,87.340*,87.600,
Argentina,57.400,57.980*,58.560*,59.140*,59.720*,60.300,60.940*,61.580*,62.220*,62.860*,63.500,63.860*,64.220*,64.580*,64.940*,65.300,65.560*,65.820*,66.080*,66.340*,66.600,66.960*,67.320*,67.680*,68.040*,68.400,
Chile,58.800,59.880*,60.960*,62.040*,63.120*,64.200,65.200*,66.200*,67.200*,68.200*,69.200,69.760*,70.320*,70.880*,71.440*,72.000,72.380*,72.760*,73.140*,73.520*,73.900,74.320*,74.740*,75.160*,75.580*,76.000,
Cape Verde,50.100,49.940*,49.780*,49.620*,49.460*,49.300,49.600*,49.900*,50.200*,50.500*,50.800,51.380*,51.960*,52.540*,53.120*,53.700,54.540*,55.380*,56.220*,57.060*,57.900,58.660*,59.420*,60.180*,60.940*,61.700,
Dominica,53.000,53.320*,53.640*,53.960*,54.280*,54.600,55.220*,55.840*,56.460*,57.080*,57.700,57.960*,58.220*,58.480*,58.740*,59.000,58.900*,58.800*,58.700*,58.600*,58.500,58.420*,58.340*,58.260*,58.180*,58.100,
Seychelles,50.700,51.580*,52.460*,53.340*,54.220*,55.100,55.780*,56.460*,57.140*,57.820*,58.500,59.020*,59.540*,60.060*,60.580*,61.100,61.660*,62.220*,62.780*,63.340*,63.900,64.340*,64.780*,65.220*,65.660*,66.100,
Jamaica,55.000,55.600*,56.200*,56.800*,57.400*,58.000,58.300*,58.600*,58.900*,59.200*,59.500,60.040*,60.580*,61.120*,61.660*,62.200,62.340*,62.480*,62.620*,62.760*,62.900,63.060*,63.220*,63.380*,63.540*,63.700,
Oman,66.100,67.160*,68.220*,69.280*,70.340*,71.400,72.000*,72.600*,73.200*,73.800*,74.400,74.760*,75.120*,75.480*,75.840*,76.200,75.540*,74.880*,74.220*,73.560*,72.900,73.740*,74.580*,75.420*,76.260*,77.100,
Saint Vincent and Grenadines,50.400,50.600*,50.800*,51.000*,51.200*,51.400,51.720*,52.040*,52.360*,52.680*,53.000,53.440*,53.880*,54.320*,54.760*,55.200,55.500*,55.800*,56.100*,56.400*,56.700,56.860*,57.020*,57.180*,57.340*,57.500,
Solomon Islands,33.400,33.860*,34.320*,34.780*,35.240*,35.700,36.220*,36.740*,37.260*,37.780*,38.300,38.240*,38.180*,38.120*,38.060*,38.000,38.420*,38.840*,39.260*,39.680*,40.100,40.700*,41.300*,41.900*,42.500*,43.100,
Saint Lucia,49.700,50.360*,51.020*,51.680*,52.340*,53.000,53.600*,54.200*,54.800*,55.400*,56.000,56.500*,57.000*,57.500*,58.000*,58.500,59.020*,59.540*,60.060*,60.580*,61.100,61.380*,61.660*,61.940*,62.220*,62.500,
Norway,77.500,78.200*,78.900*,79.600*,80.300*,81.000,81.360*,81.720*,82.080*,82.440*,82.800,83.420*,84.040*,84.660*,85.280*,85.900,86.320*,86.740*,87.160*,87.580*,88.000,88.500*,89.000*,89.500*,90.000*,90.500,
Bahrain,59.700,60.400*,61.100*,61.800*,62.500*,63.200,64.020*,64.840*,65.660*,66.480*,67.300,68.100*,68.900*,69.700*,70.500*,71.300,72.480*,73.660*,74.840*,76.020*,77.200,77.560*,77.920*,78.280*,78.640*,79.000,
Indonesia,37.200,37.700*,38.200*,38.700*,39.200*,39.700,40.020*,40.340*,40.660*,40.980*,41.300,41.800*,42.300*,42.800*,43.300*,43.800,44.400*,45.000*,45.600*,46.200*,46.800,47.280*,47.760*,48.240*,48.720*,49.200,
Mauritius,53.600,54.340*,55.080*,55.820*,56.560*,57.300,57.800*,58.300*,58.800*,59.300*,59.800,60.200*,60.600*,61.000*,61.400*,61.800,62.100*,62.400*,62.700*,63.000*,63.300,63.780*,64.260*,64.740*,65.220*,65.700,
Sweden,80.400,81.100*,81.800*,82.500*,83.200*,83.900,84.260*,84.620*,84.980*,85.340*,85.700,85.960*,86.220*,86.480*,86.740*,87.000,87.340*,87.680*,88.020*,88.360*,88.700,89.060*,89.420*,89.780*,90.140*,90.500,
Russia,61.400,60.640*,59.880*,59.120*,58.360*,57.600,58.020*,58.440*,58.860*,59.280*,59.700,60.340*,60.980*,61.620*,62.260*,62.900,64.020*,65.140*,66.260*,67.380*,68.500,69.140*,69.780*,70.420*,71.060*,71.700,
Trinidad and Tobago,51.600,51.980*,52.360*,52.740*,53.120*,53.500,53.960*,54.420*,54.880*,55.340*,55.800,56.360*,56.920*,57.480*,58.040*,58.600,58.980*,59.360*,59.740*,60.120*,60.500,60.820*,61.140*,61.460*,61.780*,62.100,
Brazil,50.100,50.840*,51.580*,52.320*,53.060*,53.800,54.440*,55.080*,55.720*,56.360*,57.000,57.580*,58.160*,58.740*,59.320*,59.900,60.440*,60.980*,61.520*,62.060*,62.600,63.060*,63.520*,63.980*,64.440*,64.900,
Bahamas,50.900,51.540*,52.180*,52.820*,53.460*,54.100,54.680*,55.260*,55.840*,56.420*,57.000,57.580*,58.160*,58.740*,59.320*,59.900,60.340*,60.780*,61.220*,61.660*,62.100,62.460*,62.820*,63.180*,63.540*,63.900,
Grenada,49.400,50.080*,50.760*,51.440*,52.120*,52.800,53.040*,53.280*,53.520*,53.760*,54.000,54.220*,54.440*,54.660*,54.880*,55.100,55.480*,55.860*,56.240*,56.620*,57.000,57.260*,57.520*,57.780*,58.040*,58.300,
Antigua and Barbuda,56.600,56.840*,57.080*,57.320*,57.560*,57.800,58.300*,58.800*,59.300*,59.800*,60.300,60.740*,61.180*,61.620*,62.060*,62.500,62.980*,63.460*,63.940*,64.420*,64.900,65.260*,65.620*,65.980*,66.340*,66.700,
Fiji,43.900,43.940*,43.980*,44.020*,44.060*,44.100,44.220*,44.340*,44.460*,44.580*,44.700,44.760*,44.820*,44.880*,44.940*,45.000,45.080*,45.160*,45.240*,45.320*,45.400,45.640*,45.880*,46.120*,46.360*,46.600,
Barbados,55.900,56.620*,57.340*,58.060*,58.780*,59.500,60.120*,60.740*,61.360*,61.980*,62.600,62.940*,63.280*,63.620*,63.960*,64.300,64.540*,64.780*,65.020*,65.260*,65.500,65.760*,66.020*,66.280*,66.540*,66.800,
Italy,76.200,76.780*,77.360*,77.940*,78.520*,79.100,79.780*,80.460*,81.140*,81.820*,82.500,83.100*,83.700*,84.300*,84.900*,85.500,85.900*,86.300*,86.700*,87.100*,87.500,87.740*,87.980*,88.220*,88.460*,88.700,
Malta,74.700,75.120*,75.540*,75.960*,76.380*,76.800,77.220*,77.640*,78.060*,78.480*,78.900,79.400*,79.900*,80.400*,80.900*,81.400,81.700*,82.000*,82.300*,82.600*,82.900,83.340*,83.780*,84.220*,84.660*,85.100,
Papua New Guinea,32.000,32.200*,32.400*,32.600*,32.800*,33.000,33.080*,33.160*,33.240*,33.320*,33.400,33.520*,33.640*,33.760*,33.880*,34.000,34.360*,34.720*,35.080*,35.440*,35.800,36.360*,36.920*,37.480*,38.040*,38.600,
Vanuatu,36.400,36.600*,36.800*,37.000*,37.200*,37.400,37.580*,37.760*,37.940*,38.120*,38.300,38.320*,38.340*,38.360*,38.380*,38.400,38.940*,39.480*,40.020*,40.560*,41.100,41.500*,41.900*,42.300*,42.700*,43.100,
Singapore,67.400,68.480*,69.560*,70.640*,71.720*,72.800,73.700*,74.600*,75.500*,76.400*,77.300,78.000*,78.700*,79.400*,80.100*,80.800,81.480*,82.160*,82.840*,83.520*,84.200,84.620*,85.040*,85.460*,85.880*,86.300,
Cyprus,72.000,72.280*,72.560*,72.840*,73.120*,73.400,74.000*,74.600*,75.200*,75.800*,76.400,76.960*,77.520*,78.080*,78.640*,79.200,79.880*,80.560*,81.240*,81.920*,82.600,83.140*,83.680*,84.220*,84.760*,85.300,
Comoros,32.700,33.020*,33.340*,33.660*,33.980*,34.300,35.120*,35.940*,36.760*,37.580*,38.400,39.540*,40.680*,41.820*,42.960*,44.100,44.720*,45.340*,45.960*,46.580*,47.200,47.300*,47.400*,47.500*,47.600*,47.700,
Armenia,56.800,56.560*,56.320*,56.080*,55.840*,55.600,56.280*,56.960*,57.640*,58.320*,59.000,59.200*,59.400*,59.600*,59.800*,60.000,60.740*,61.480*,62.220*,62.960*,63.700,64.460*,65.220*,65.980*,66.740*,67.500,
Azerbaijan,52.900,52.680*,52.460*,52.240*,52.020*,51.800,52.160*,52.520*,52.880*,53.240*,53.600,53.960*,54.320*,54.680*,55.040*,55.400,56.300*,57.200*,58.100*,59.000*,59.900,60.820*,61.740*,62.660*,63.580*,64.500,
Tajikistan,48.700,48.580*,48.460*,48.340*,48.220*,48.100,48.200*,48.300*,48.400*,48.500*,48.600,49.220*,49.840*,50.460*,51.080*,51.700,52.440*,53.180*,53.920*,54.660*,55.400,56.040*,56.680*,57.320*,57.960*,58.600,
Uzbekistan,51.900,51.860*,51.820*,51.780*,51.740*,51.700,52.160*,52.620*,53.080*,53.540*,54.000,54.420*,54.840*,55.260*,55.680*,56.100,56.720*,57.340*,57.960*,58.580*,59.200,59.820*,60.440*,61.060*,61.680*,62.300,
Lesotho,40.800,41.000*,41.200*,41.400*,41.600*,41.800,41.320*,40.840*,40.360*,39.880*,39.400,38.160*,36.920*,35.680*,34.440*,33.200,33.440*,33.680*,33.920*,34.160*,34.400,34.660*,34.920*,35.180*,35.440*,35.700,
Bangladesh,32.600,33.240*,33.880*,34.520*,35.160*,35.800,36.560*,37.320*,38.080*,38.840*,39.600,40.540*,41.480*,42.420*,43.360*,44.300,45.180*,46.060*,46.940*,47.820*,48.700,49.300*,49.900*,50.500*,51.100*,51.700,
North Korea,53.100,53.640*,54.180*,54.720*,55.260*,55.800,55.840*,55.880*,55.920*,55.960*,56.000,56.300*,56.600*,56.900*,57.200*,57.500,58.080*,58.660*,59.240*,59.820*,60.400,60.780*,61.160*,61.540*,61.920*,62.300,
Kyrgyzstan,52.500,52.340*,52.180*,52.020*,51.860*,51.700,51.840*,51.980*,52.120*,52.260*,52.400,52.840*,53.280*,53.720*,54.160*,54.600,55.220*,55.840*,56.460*,57.080*,57.700,58.240*,58.780*,59.320*,59.860*,60.400,
Mexico,49.200,50.180*,51.160*,52.140*,53.120*,54.100,54.760*,55.420*,56.080*,56.740*,57.400,57.740*,58.080*,58.420*,58.760*,59.100,59.380*,59.660*,59.940*,60.220*,60.500,60.920*,61.340*,61.760*,62.180*,62.600,
Morocco,44.000,44.760*,45.520*,46.280*,47.040*,47.800,48.760*,49.720*,50.680*,51.640*,52.600,53.200*,53.800*,54.400*,55.000*,55.600,56.220*,56.840*,57.460*,58.080*,58.700,59.220*,59.740*,60.260*,60.780*,61.300,
Colombia,51.100,51.860*,52.620*,53.380*,54.140*,54.900,55.600*,56.300*,57.000*,57.700*,58.400,59.040*,59.680*,60.320*,60.960*,61.600,62.160*,62.720*,63.280*,63.840*,64.400,65.080*,65.760*,66.440*,67.120*,67.800,
Tanzania,39.900,40.120*,40.340*,40.560*,40.780*,41.000,41.420*,41.840*,42.260*,42.680*,43.100,43.820*,44.540*,45.260*,45.980*,46.700,47.120*,47.540*,47.960*,48.380*,48.800,49.020*,49.240*,49.460*,49.680*,49.900,
Saudi Arabia,63.400,64.080*,64.760*,65.440*,66.120*,66.800,67.680*,68.560*,69.440*,70.320*,71.200,71.800*,72.400*,73.000*,73.600*,74.200,74.760*,75.320*,75.880*,76.440*,77.000,77.480*,77.960*,78.440*,78.920*,79.400,
Qatar,70.800,70.900*,71.000*,71.100*,71.200*,71.300,71.660*,72.020*,72.380*,72.740*,73.100,73.980*,74.860*,75.740*,76.620*,77.500,78.620*,79.740*,80.860*,81.980*,83.100,83.520*,83.940*,84.360*,84.780*,85.200,
Netherlands,79.200,79.520*,79.840*,80.160*,80.480*,80.800,81.060*,81.320*,81.580*,81.840*,82.100,82.700*,83.300*,83.900*,84.500*,85.100,85.720*,86.340*,86.960*,87.580*,88.200,88.460*,88.720*,88.980*,89.240*,89.500,
Yemen,35.200,35.760*,36.320*,36.880*,37.440*,38.000,38.660*,39.320*,39.980*,40.640*,41.300,41.940*,42.580*,43.220*,43.860*,44.500,45.160*,45.820*,46.480*,47.140*,47.800,48.160*,48.520*,48.880*,49.240*,49.600,
United Arab Emirates,56.900,57.680*,58.460*,59.240*,60.020*,60.800,61.580*,62.360*,63.140*,63.920*,64.700,65.560*,66.420*,67.280*,68.140*,69.000,69.480*,69.960*,70.440*,70.920*,71.400,71.560*,71.720*,71.880*,72.040*,72.200,
Kenya,42.600,42.540*,42.480*,42.420*,42.360*,42.300,42.640*,42.980*,43.320*,43.660*,44.000,44.480*,44.960*,45.440*,45.920*,46.400,46.620*,46.840*,47.060*,47.280*,47.500,47.740*,47.980*,48.220*,48.460*,48.700,
Turkey,51.300,52.120*,52.940*,53.760*,54.580*,55.400,56.800*,58.200*,59.600*,61.000*,62.400,63.640*,64.880*,66.120*,67.360*,68.600,69.740*,70.880*,72.020*,73.160*,74.300,74.680*,75.060*,75.440*,75.820*,76.200,
Finland,75.400,76.080*,76.760*,77.440*,78.120*,78.800,79.440*,80.080*,80.720*,81.360*,82.000,82.500*,83.000*,83.500*,84.000*,84.500,85.040*,85.580*,86.120*,86.660*,87.200,87.680*,88.160*,88.640*,89.120*,89.600,
Malaysia,54.200,54.800*,55.400*,56.000*,56.600*,57.200,57.820*,58.440*,59.060*,59.680*,60.300,60.880*,61.460*,62.040*,62.620*,63.200,63.340*,63.480*,63.620*,63.760*,63.900,64.440*,64.980*,65.520*,66.060*,66.600,
Panama,52.900,53.660*,54.420*,55.180*,55.940*,56.700,57.320*,57.940*,58.560*,59.180*,59.800,60.100*,60.400*,60.700*,61.000*,61.300,61.480*,61.660*,61.840*,62.020*,62.200,62.640*,63.080*,63.520*,63.960*,64.400,
Iran,54.600,55.600*,56.600*,57.600*,58.600*,59.600,60.380*,61.160*,61.940*,62.720*,63.500,63.940*,64.380*,64.820*,65.260*,65.700,66.340*,66.980*,67.620*,68.260*,68.900,69.340*,69.780*,70.220*,70.660*,71.100,
Haiti,24.900,25.760*,26.620*,27.480*,28.340*,29.200,29.900*,30.600*,31.300*,32.000*,32.700,33.120*,33.540*,33.960*,34.380*,34.800,35.020*,35.240*,35.460*,35.680*,35.900,36.420*,36.940*,37.460*,37.980*,38.500,
Dominican Republic,47.900,48.760*,49.620*,50.480*,51.340*,52.200,53.080*,53.960*,54.840*,55.720*,56.600,57.000*,57.400*,57.800*,58.200*,58.600,59.040*,59.480*,59.920*,60.360*,60.800,61.140*,61.480*,61.820*,62.160*,62.500,
Croatia,68.800,69.120*,69.440*,69.760*,70.080*,70.400,71.000*,71.600*,72.200*,72.800*,73.400,74.080*,74.760*,75.440*,76.120*,76.800,77.220*,77.640*,78.060*,78.480*,78.900,79.440*,79.980*,80.520*,81.060*,81.600,
Thailand,52.400,53.100*,53.800*,54.500*,55.200*,55.900,56.580*,57.260*,57.940*,58.620*,59.300,60.400*,61.500*,62.600*,63.700*,64.800,65.520*,66.240*,66.960*,67.680*,68.400,68.880*,69.360*,69.840*,70.320*,70.800,
Estonia,65.800,65.140*,64.480*,63.820*,63.160*,62.500,63.480*,64.460*,65.440*,66.420*,67.400,68.200*,69.000*,69.800*,70.600*,71.400,72.620*,73.840*,75.060*,76.280*,77.500,78.280*,79.060*,79.840*,80.620*,81.400,
Congo (Kinshasa),35.600,35.700*,35.800*,35.900*,36.000*,36.100,36.120*,36.140*,36.160*,36.180*,36.200,36.580*,36.960*,37.340*,37.720*,38.100,38.340*,38.580*,38.820*,39.060*,39.300,39.520*,39.740*,39.960*,40.180*,40.400,
Kuwait,71.700,71.640*,71.580*,71.520*,71.460*,71.400,72.100*,72.800*,73.500*,74.200*,74.900,75.060*,75.220*,75.380*,75.540*,75.700,76.100*,76.500*,76.900*,77.300*,77.700,78.560*,79.420*,80.280*,81.140*,82.000,
Germany,73.100,73.900*,74.700*,75.500*,76.300*,77.100,77.800*,78.500*,79.200*,79.900*,80.600,81.120*,81.640*,82.160*,82.680*,83.200,83.540*,83.880*,84.220*,84.560*,84.900,85.200*,85.500*,85.800*,86.100*,86.400,
Ireland,75.600,76.160*,76.720*,77.280*,77.840*,78.400,78.640*,78.880*,79.120*,79.360*,79.600,80.380*,81.160*,81.940*,82.720*,83.500,84.000*,84.500*,85.000*,85.500*,86.000,86.480*,86.960*,87.440*,87.920*,88.400,
Myanmar (Burma),29.700,30.080*,30.460*,30.840*,31.220*,31.600,32.220*,32.840*,33.460*,34.080*,34.700,35.660*,36.620*,37.580*,38.540*,39.500,40.480*,41.460*,42.440*,43.420*,44.400,45.200*,46.000*,46.800*,47.600*,48.400,
Equatorial Guinea,26.100,26.380*,26.660*,26.940*,27.220*,27.500,29.080*,30.660*,32.240*,33.820*,35.400,36.900*,38.400*,39.900*,41.400*,42.900,43.440*,43.980*,44.520*,45.060*,45.600,46.160*,46.720*,47.280*,47.840*,48.400,
Uganda,34.000,33.980*,33.960*,33.940*,33.920*,33.900,34.160*,34.420*,34.680*,34.940*,35.200,35.800*,36.400*,37.000*,37.600*,38.200,38.840*,39.480*,40.120*,40.760*,41.400,41.700*,42.000*,42.300*,42.600*,42.900,
Kazakhstan,55.100,54.060*,53.020*,51.980*,50.940*,49.900,50.180*,50.460*,50.740*,51.020*,51.300,51.420*,51.540*,51.660*,51.780*,51.900,53.100*,54.300*,55.500*,56.700*,57.900,58.540*,59.180*,59.820*,60.460*,61.100,
Gabon,39.100,39.300*,39.500*,39.700*,39.900*,40.100,40.440*,40.780*,41.120*,41.460*,41.800,42.260*,42.720*,43.180*,43.640*,44.100,44.960*,45.820*,46.680*,47.540*,48.400,49.000*,49.600*,50.200*,50.800*,51.400,
South Korea,61.700,63.460*,65.220*,66.980*,68.740*,70.500,71.320*,72.140*,72.960*,73.780*,74.600,75.760*,76.920*,78.080*,79.240*,80.400,81.100*,81.800*,82.500*,83.200*,83.900,84.280*,84.660*,85.040*,85.420*,85.800,
Timor Leste,32.200,32.840*,33.480*,34.120*,34.760*,35.400,35.960*,36.520*,37.080*,37.640*,38.200,39.080*,39.960*,40.840*,41.720*,42.600,43.760*,44.920*,46.080*,47.240*,48.400,49.040*,49.680*,50.320*,50.960*,51.600,
Mauritania,37.300,37.620*,37.940*,38.260*,38.580*,38.900,39.700*,40.500*,41.300*,42.100*,42.900,43.700*,44.500*,45.300*,46.100*,46.900,47.440*,47.980*,48.520*,49.060*,49.600,50.080*,50.560*,51.040*,51.520*,52.000,
Algeria,48.200,49.080*,49.960*,50.840*,51.720*,52.600,53.320*,54.040*,54.760*,55.480*,56.200,56.880*,57.560*,58.240*,58.920*,59.600,60.120*,60.640*,61.160*,61.680*,62.200,62.500*,62.800*,63.100*,63.400*,63.700,
Peru,45.900,46.680*,47.460*,48.240*,49.020*,49.800,51.260*,52.720*,54.180*,55.640*,57.100,58.220*,59.340*,60.460*,61.580*,62.700,63.340*,63.980*,64.620*,65.260*,65.900,66.640*,67.380*,68.120*,68.860*,69.600,
Angola,25.800,26.260*,26.720*,27.180*,27.640*,28.100,28.720*,29.340*,29.960*,30.580*,31.200,32.080*,32.960*,33.840*,34.720*,35.600,36.020*,36.440*,36.860*,37.280*,37.700,38.300*,38.900*,39.500*,40.100*,40.700,
Mozambique,33.200,33.580*,33.960*,34.340*,34.720*,35.100,35.360*,35.620*,35.880*,36.140*,36.400,37.040*,37.680*,38.320*,38.960*,39.600,39.860*,40.120*,40.380*,40.640*,40.900,41.320*,41.740*,42.160*,42.580*,43.000,
Costa Rica,62.100,62.240*,62.380*,62.520*,62.660*,62.800,63.320*,63.840*,64.360*,64.880*,65.400,66.040*,66.680*,67.320*,67.960*,68.600,69.040*,69.480*,69.920*,70.360*,70.800,71.220*,71.640*,72.060*,72.480*,72.900,
El Salvador,44.300,45.240*,46.180*,47.120*,48.060*,49.000,50.260*,51.520*,52.780*,54.040*,55.300,56.160*,57.020*,57.880*,58.740*,59.600,60.120*,60.640*,61.160*,61.680*,62.200,62.640*,63.080*,63.520*,63.960*,64.400,
Guatemala,40.100,40.960*,41.820*,42.680*,43.540*,44.400,45.260*,46.120*,46.980*,47.840*,48.700,49.220*,49.740*,50.260*,50.780*,51.300,51.680*,52.060*,52.440*,52.820*,53.200,53.700*,54.200*,54.700*,55.200*,55.700,
Belize,49.700,49.860*,50.020*,50.180*,50.340*,50.500,50.520*,50.540*,50.560*,50.580*,50.600,51.220*,51.840*,52.460*,53.080*,53.700,54.220*,54.740*,55.260*,55.780*,56.300,56.700*,57.100*,57.500*,57.900*,58.300,
Venezuela,53.100,53.600*,54.100*,54.600*,55.100*,55.600,56.340*,57.080*,57.820*,58.560*,59.300,59.900*,60.500*,61.100*,61.700*,62.300,62.680*,63.060*,63.440*,63.820*,64.200,64.300*,64.400*,64.500*,64.600*,64.700,
Guyana,39.300,39.700*,40.100*,40.500*,40.900*,41.300,41.540*,41.780*,42.020*,42.260*,42.500,42.940*,43.380*,43.820*,44.260*,44.700,45.160*,45.620*,46.080*,46.540*,47.000,47.560*,48.120*,48.680*,49.240*,49.800,
Honduras,42.300,42.980*,43.660*,44.340*,45.020*,45.700,46.080*,46.460*,46.840*,47.220*,47.600,47.980*,48.360*,48.740*,49.120*,49.500,49.960*,50.420*,50.880*,51.340*,51.800,52.220*,52.640*,53.060*,53.480*,53.900,
Nicaragua,49.700,50.100*,50.500*,50.900*,51.300*,51.700,52.460*,53.220*,53.980*,54.740*,55.500,56.160*,56.820*,57.480*,58.140*,58.800,59.400*,60.000*,60.600*,61.200*,61.800,62.300*,62.800*,63.300*,63.800*,64.300,
Malawi,34.700,34.840*,34.980*,35.120*,35.260*,35.400,35.620*,35.840*,36.060*,36.280*,36.500,37.320*,38.140*,38.960*,39.780*,40.600,41.340*,42.080*,42.820*,43.560*,44.300,44.840*,45.380*,45.920*,46.460*,47.000,
Turkmenistan,47.100,47.220*,47.340*,47.460*,47.580*,47.700,47.920*,48.140*,48.360*,48.580*,48.800,49.260*,49.720*,50.180*,50.640*,51.100,51.780*,52.460*,53.140*,53.820*,54.500,55.220*,55.940*,56.660*,57.380*,58.100,
Zambia,37.400,36.840*,36.280*,35.720*,35.160*,34.600,34.540*,34.480*,34.420*,34.360*,34.300,34.540*,34.780*,35.020*,35.260*,35.500,35.880*,36.260*,36.640*,37.020*,37.400,38.240*,39.080*,39.920*,40.760*,41.600,
South Africa,45.600,46.060*,46.520*,46.980*,47.440*,47.900,47.280*,46.660*,46.040*,45.420*,44.800,44.880*,44.960*,45.040*,45.120*,45.200,46.040*,46.880*,47.720*,48.560*,49.400,49.920*,50.440*,50.960*,51.480*,52.000,
Lithuania,67.000,66.440*,65.880*,65.320*,64.760*,64.200,65.280*,66.360*,67.440*,68.520*,69.600,69.720*,69.840*,69.960*,70.080*,70.200,70.880*,71.560*,72.240*,72.920*,73.600,74.200*,74.800*,75.400*,76.000*,76.600,
Ethiopia,23.100,23.840*,24.580*,25.320*,26.060*,26.800,27.560*,28.320*,29.080*,29.840*,30.600,31.460*,32.320*,33.180*,34.040*,34.900,36.000*,37.100*,38.200*,39.300*,40.400,41.160*,41.920*,42.680*,43.440*,44.200,
Ghana,34.800,35.540*,36.280*,37.020*,37.760*,38.500,38.860*,39.220*,39.580*,39.940*,40.300,41.080*,41.860*,42.640*,43.420*,44.200,44.820*,45.440*,46.060*,46.680*,47.300,47.780*,48.260*,48.740*,49.220*,49.700,
Slovenia,71.200,71.520*,71.840*,72.160*,72.480*,72.800,73.520*,74.240*,74.960*,75.680*,76.400,77.080*,77.760*,78.440*,79.120*,79.800,80.700*,81.600*,82.500*,83.400*,84.300,84.920*,85.540*,86.160*,86.780*,87.400,
Bosnia and Herzegovina,60.900,61.140*,61.380*,61.620*,61.860*,62.100,63.440*,64.780*,66.120*,67.460*,68.800,69.460*,70.120*,70.780*,71.440*,72.100,72.740*,73.380*,74.020*,74.660*,75.300,75.880*,76.460*,77.040*,77.620*,78.200,
Jordan,59.100,59.680*,60.260*,60.840*,61.420*,62.000,62.600*,63.200*,63.800*,64.400*,65.000,65.680*,66.360*,67.040*,67.720*,68.400,69.580*,70.760*,71.940*,73.120*,74.300,74.740*,75.180*,75.620*,76.060*,76.500,
Syria,58.200,59.180*,60.160*,61.140*,62.120*,63.100,64.120*,65.140*,66.160*,67.180*,68.200,68.840*,69.480*,70.120*,70.760*,71.400,71.880*,72.360*,72.840*,73.320*,73.800,73.960*,74.120*,74.280*,74.440*,74.600,
Albania,62.400,62.940*,63.480*,64.020*,64.560*,65.100,65.780*,66.460*,67.140*,67.820*,68.500,69.120*,69.740*,70.360*,70.980*,71.600,72.340*,73.080*,73.820*,74.560*,75.300,75.880*,76.460*,77.040*,77.620*,78.200,
Uruguay,60.800,61.260*,61.720*,62.180*,62.640*,63.100,63.900*,64.700*,65.500*,66.300*,67.100,67.420*,67.740*,68.060*,68.380*,68.700,69.080*,69.460*,69.840*,70.220*,70.600,70.880*,71.160*,71.440*,71.720*,72.000,
Mongolia,42.300,42.260*,42.220*,42.180*,42.140*,42.100,42.620*,43.140*,43.660*,44.180*,44.700,45.940*,47.180*,48.420*,49.660*,50.900,51.700*,52.500*,53.300*,54.100*,54.900,55.620*,56.340*,57.060*,57.780*,58.500,
Rwanda,29.900,28.580*,27.260*,25.940*,24.620*,23.300,24.720*,26.140*,27.560*,28.980*,30.400,32.840*,35.280*,37.720*,40.160*,42.600,43.480*,44.360*,45.240*,46.120*,47.000,47.160*,47.320*,47.480*,47.640*,47.800,
Bolivia,40.500,41.160*,41.820*,42.480*,43.140*,43.800,44.740*,45.680*,46.620*,47.560*,48.500,49.460*,50.420*,51.380*,52.340*,53.300,53.920*,54.540*,55.160*,55.780*,56.400,56.960*,57.520*,58.080*,58.640*,59.200,
Cameroon,38.300,38.180*,38.060*,37.940*,37.820*,37.700,37.600*,37.500*,37.400*,37.300*,37.200,37.960*,38.720*,39.480*,40.240*,41.000,41.300*,41.600*,41.900*,42.200*,42.500,42.880*,43.260*,43.640*,44.020*,44.400,
Congo (Brazzaville),32.200,32.040*,31.880*,31.720*,31.560*,31.400,31.780*,32.160*,32.540*,32.920*,33.300,34.500*,35.700*,36.900*,38.100*,39.300,39.680*,40.060*,40.440*,40.820*,41.200,41.660*,42.120*,42.580*,43.040*,43.500,
Serbia,64.200,64.240*,64.280*,64.320*,64.360*,64.400,64.840*,65.280*,65.720*,66.160*,66.600,67.160*,67.720*,68.280*,68.840*,69.400,70.140*,70.880*,71.620*,72.360*,73.100,73.560*,74.020*,74.480*,74.940*,75.400,
Montenegro,70.200,70.200*,70.200*,70.200*,70.200*,70.200,70.140*,70.080*,70.020*,69.960*,69.900,70.800*,71.700*,72.600*,73.500*,74.400,75.160*,75.920*,76.680*,77.440*,78.200,78.700*,79.200*,79.700*,80.200*,80.700,
Benin,36.900,36.920*,36.940*,36.960*,36.980*,37.000,37.060*,37.120*,37.180*,37.240*,37.300,37.920*,38.540*,39.160*,39.780*,40.400,40.620*,40.840*,41.060*,41.280*,41.500,41.800*,42.100*,42.400*,42.700*,43.000,
Nigeria,38.300,38.580*,38.860*,39.140*,39.420*,39.700,39.880*,40.060*,40.240*,40.420*,40.600,41.100*,41.600*,42.100*,42.600*,43.100,44.240*,45.380*,46.520*,47.660*,48.800,49.300*,49.800*,50.300*,50.800*,51.300,
Togo,37.400,37.300*,37.200*,37.100*,37.000*,36.900,36.900*,36.900*,36.900*,36.900*,36.900,37.540*,38.180*,38.820*,39.460*,40.100,40.440*,40.780*,41.120*,41.460*,41.800,42.300*,42.800*,43.300*,43.800*,44.300,
Laos,23.800,24.180*,24.560*,24.940*,25.320*,25.700,26.300*,26.900*,27.500*,28.100*,28.700,29.680*,30.660*,31.640*,32.620*,33.600,34.800*,36.000*,37.200*,38.400*,39.600,40.660*,41.720*,42.780*,43.840*,44.900,
Afghanistan,24.700,24.660*,24.620*,24.580*,24.540*,24.500,24.560*,24.620*,24.680*,24.740*,24.800,25.260*,25.720*,26.180*,26.640*,27.100,27.560*,28.020*,28.480*,28.940*,29.400,30.020*,30.640*,31.260*,31.880*,32.500,
Ukraine,62.800,62.120*,61.440*,60.760*,60.080*,59.400,59.920*,60.440*,60.960*,61.480*,62.000,62.480*,62.960*,63.440*,63.920*,64.400,65.620*,66.840*,68.060*,69.280*,70.500,70.940*,71.380*,71.820*,72.260*,72.700,
Slovakia,66.600,67.160*,67.720*,68.280*,68.840*,69.400,69.680*,69.960*,70.240*,70.520*,70.800,71.080*,71.360*,71.640*,71.920*,72.200,72.740*,73.280*,73.820*,74.360*,74.900,75.640*,76.380*,77.120*,77.860*,78.600,
Pakistan,36.500,36.320*,36.140*,35.960*,35.780*,35.600,35.740*,35.880*,36.020*,36.160*,36.300,36.660*,37.020*,37.380*,37.740*,38.100,38.720*,39.340*,39.960*,40.580*,41.200,41.580*,41.960*,42.340*,42.720*,43.100,
Bulgaria,63.000,63.040*,63.080*,63.120*,63.160*,63.200,63.520*,63.840*,64.160*,64.480*,64.800,65.180*,65.560*,65.940*,66.320*,66.700,66.940*,67.180*,67.420*,67.660*,67.900,68.600*,69.300*,70.000*,70.700*,71.400,
Austria,74.400,75.160*,75.920*,76.680*,77.440*,78.200,78.880*,79.560*,80.240*,80.920*,81.600,82.120*,82.640*,83.160*,83.680*,84.200,84.580*,84.960*,85.340*,85.720*,86.100,86.520*,86.940*,87.360*,87.780*,88.200,
Hungary,64.600,65.120*,65.640*,66.160*,66.680*,67.200,67.960*,68.720*,69.480*,70.240*,71.000,71.540*,72.080*,72.620*,73.160*,73.700,74.180*,74.660*,75.140*,75.620*,76.100,76.800*,77.500*,78.200*,78.900*,79.600,
Niger,31.800,32.060*,32.320*,32.580*,32.840*,33.100,33.400*,33.700*,34.000*,34.300*,34.600,35.220*,35.840*,36.460*,37.080*,37.700,38.220*,38.740*,39.260*,39.780*,40.300,40.440*,40.580*,40.720*,40.860*,41.000,
Luxembourg,74.500,75.360*,76.220*,77.080*,77.940*,78.800,79.480*,80.160*,80.840*,81.520*,82.200,82.740*,83.280*,83.820*,84.360*,84.900,85.420*,85.940*,86.460*,86.980*,87.500,87.860*,88.220*,88.580*,88.940*,89.300,
Andorra,84.700,85.360*,86.020*,86.680*,87.340*,88.000,88.620*,89.240*,89.860*,90.480*,91.100,91.400*,91.700*,92.000*,92.300*,92.600,92.880*,93.160*,93.440*,93.720*,94.000,94.120*,94.240*,94.360*,94.480*,94.600,
Ivory Coast,35.500,35.040*,34.580*,34.120*,33.660*,33.200,33.440*,33.680*,33.920*,34.160*,34.400,35.040*,35.680*,36.320*,36.960*,37.600,38.220*,38.840*,39.460*,40.080*,40.700,41.040*,41.380*,41.720*,42.060*,42.400,
Liberia,34.700,35.180*,35.660*,36.140*,36.620*,37.100,37.580*,38.060*,38.540*,39.020*,39.500,39.940*,40.380*,40.820*,41.260*,41.700,42.000*,42.300*,42.600*,42.900*,43.200,43.640*,44.080*,44.520*,44.960*,45.400,
Sierra Leone,37.600,37.520*,37.440*,37.360*,37.280*,37.200,36.840*,36.480*,36.120*,35.760*,35.400,35.540*,35.680*,35.820*,35.960*,36.100,36.520*,36.940*,37.360*,37.780*,38.200,38.820*,39.440*,40.060*,40.680*,41.300,
Brunei,62.000,62.460*,62.920*,63.380*,63.840*,64.300,64.780*,65.260*,65.740*,66.220*,66.700,67.080*,67.460*,67.840*,68.220*,68.600,68.780*,68.960*,69.140*,69.320*,69.500,69.600*,69.700*,69.800*,69.900*,70.000,
Belgium,75.400,76.080*,76.760*,77.440*,78.120*,78.800,79.360*,79.920*,80.480*,81.040*,81.600,82.200*,82.800*,83.400*,84.000*,84.600,84.940*,85.280*,85.620*,85.960*,86.300,86.620*,86.940*,87.260*,87.580*,87.900,
Iraq,51.100,51.020*,50.940*,50.860*,50.780*,50.700,50.920*,51.140*,51.360*,51.580*,51.800,52.320*,52.840*,53.360*,53.880*,54.400,54.960*,55.520*,56.080*,56.640*,57.200,57.780*,58.360*,58.940*,59.520*,60.100,
Georgia,58.400,58.760*,59.120*,59.480*,59.840*,60.200,60.340*,60.480*,60.620*,60.760*,60.900,60.860*,60.820*,60.780*,60.740*,60.700,60.720*,60.740*,60.760*,60.780*,60.800,61.060*,61.320*,61.580*,61.840*,62.100,
Gambia,41.300,41.520*,41.740*,41.960*,42.180*,42.400,42.580*,42.760*,42.940*,43.120*,43.300,43.760*,44.220*,44.680*,45.140*,45.600,46.020*,46.440*,46.860*,47.280*,47.700,48.100*,48.500*,48.900*,49.300*,49.700,
Switzerland,81.400,81.800*,82.200*,82.600*,83.000*,83.400,83.800*,84.200*,84.600*,85.000*,85.400,85.960*,86.520*,87.080*,87.640*,88.200,88.580*,88.960*,89.340*,89.720*,90.100,90.440*,90.780*,91.120*,91.460*,91.800,
Chad,35.600,35.520*,35.440*,35.360*,35.280*,35.200,34.580*,33.960*,33.340*,32.720*,32.100,32.500*,32.900*,33.300*,33.700*,34.100,34.540*,34.980*,35.420*,35.860*,36.300,36.580*,36.860*,37.140*,37.420*,37.700,
Lebanon,58.700,59.640*,60.580*,61.520*,62.460*,63.400,64.420*,65.440*,66.460*,67.480*,68.500,69.420*,70.340*,71.260*,72.180*,73.100,73.880*,74.660*,75.440*,76.220*,77.000,77.600*,78.200*,78.800*,79.400*,80.000,
Djibouti,38.900,38.880*,38.860*,38.840*,38.820*,38.800,38.920*,39.040*,39.160*,39.280*,39.400,39.700*,40.000*,40.300*,40.600*,40.900,41.360*,41.820*,42.280*,42.740*,43.200,43.500*,43.800*,44.100*,44.400*,44.700,
Eritrea,28.900,30.180*,31.460*,32.740*,34.020*,35.300,35.840*,36.380*,36.920*,37.460*,38.000,38.160*,38.320*,38.480*,38.640*,38.800,38.600*,38.400*,38.200*,38.000*,37.800,37.860*,37.920*,37.980*,38.040*,38.100,
Burundi,23.500,23.480*,23.460*,23.440*,23.420*,23.400,24.120*,24.840*,25.560*,26.280*,27.000,28.700*,30.400*,32.100*,33.800*,35.500,36.500*,37.500*,38.500*,39.500*,40.500,40.480*,40.460*,40.440*,40.420*,40.400,
Suriname,46.700,47.080*,47.460*,47.840*,48.220*,48.600,48.780*,48.960*,49.140*,49.320*,49.500,49.800*,50.100*,50.400*,50.700*,51.000,51.500*,52.000*,52.500*,53.000*,53.500,54.140*,54.780*,55.420*,56.060*,56.700,
Israel,71.300,71.900*,72.500*,73.100*,73.700*,74.300,74.940*,75.580*,76.220*,76.860*,77.500,78.060*,78.620*,79.180*,79.740*,80.300,80.980*,81.660*,82.340*,83.020*,83.700,84.060*,84.420*,84.780*,85.140*,85.500,
Guinea Bissau,32.700,32.780*,32.860*,32.940*,33.020*,33.100,33.200*,33.300*,33.400*,33.500*,33.600,33.540*,33.480*,33.420*,33.360*,33.300,33.660*,34.020*,34.380*,34.740*,35.100,35.340*,35.580*,35.820*,36.060*,36.300,
Senegal,37.600,37.700*,37.800*,37.900*,38.000*,38.100,38.260*,38.420*,38.580*,38.740*,38.900,39.420*,39.940*,40.460*,40.980*,41.500,41.780*,42.060*,42.340*,42.620*,42.900,43.200*,43.500*,43.800*,44.100*,44.400,
Guinea,32.600,32.800*,33.000*,33.200*,33.400*,33.600,33.680*,33.760*,33.840*,33.920*,34.000,34.600*,35.200*,35.800*,36.400*,37.000,37.120*,37.240*,37.360*,37.480*,37.600,37.800*,38.000*,38.200*,38.400*,38.600,
Poland,62.100,62.760*,63.420*,64.080*,64.740*,65.400,66.480*,67.560*,68.640*,69.720*,70.800,71.400*,72.000*,72.600*,73.200*,73.800,74.300*,74.800*,75.300*,75.800*,76.300,76.960*,77.620*,78.280*,78.940*,79.600,
North Macedonia,61.900,62.200*,62.500*,62.800*,63.100*,63.400,64.120*,64.840*,65.560*,66.280*,67.000,67.580*,68.160*,68.740*,69.320*,69.900,70.760*,71.620*,72.480*,73.340*,74.200,74.560*,74.920*,75.280*,75.640*,76.000,
Paraguay,53.000,53.420*,53.840*,54.260*,54.680*,55.100,55.400*,55.700*,56.000*,56.300*,56.600,56.760*,56.920*,57.080*,57.240*,57.400,57.640*,57.880*,58.120*,58.360*,58.600,58.960*,59.320*,59.680*,60.040*,60.400,
Belarus,63.900,63.760*,63.620*,63.480*,63.340*,63.200,63.680*,64.160*,64.640*,65.120*,65.600,66.080*,66.560*,67.040*,67.520*,68.000,68.740*,69.480*,70.220*,70.960*,71.700,72.240*,72.780*,73.320*,73.860*,74.400,
Latvia,65.700,65.040*,64.380*,63.720*,63.060*,62.400,63.660*,64.920*,66.180*,67.440*,68.700,69.100*,69.500*,69.900*,70.300*,70.700,71.440*,72.180*,72.920*,73.660*,74.400,75.060*,75.720*,76.380*,77.040*,77.700,
Burkina Faso,32.900,33.140*,33.380*,33.620*,33.860*,34.100,34.480*,34.860*,35.240*,35.620*,36.000,36.860*,37.720*,38.580*,39.440*,40.300,40.780*,41.260*,41.740*,42.220*,42.700,42.740*,42.780*,42.820*,42.860*,42.900,
South Sudan,33.400,33.660*,33.920*,34.180*,34.440*,34.700,35.260*,35.820*,36.380*,36.940*,37.500,37.800*,38.100*,38.400*,38.700*,39.000,38.960*,38.920*,38.880*,38.840*,38.800,38.800*,38.800*,38.800*,38.800*,38.800,
Namibia,41.800,41.820*,41.840*,41.860*,41.880*,41.900,41.500*,41.100*,40.700*,40.300*,39.900,40.620*,41.340*,42.060*,42.780*,43.500,44.880*,46.260*,47.640*,49.020*,50.400,51.060*,51.720*,52.380*,53.040*,53.700,
Romania,58.300,58.640*,58.980*,59.320*,59.660*,60.000,60.840*,61.680*,62.520*,63.360*,64.200,64.800*,65.400*,66.000*,66.600*,67.200,67.980*,68.760*,69.540*,70.320*,71.100,71.760*,72.420*,73.080*,73.740*,74.400,
Zimbabwe,48.100,48.380*,48.660*,48.940*,49.220*,49.500,48.680*,47.860*,47.040*,46.220*,45.400,44.680*,43.960*,43.240*,42.520*,41.800,41.860*,41.920*,41.980*,42.040*,42.100,43.420*,44.740*,46.060*,47.380*,48.700,
Cambodia,30.000,30.260*,30.520*,30.780*,31.040*,31.300,31.860*,32.420*,32.980*,33.540*,34.100,35.420*,36.740*,38.060*,39.380*,40.700,41.660*,42.620*,43.580*,44.540*,45.500,46.540*,47.580*,48.620*,49.660*,50.700,
Sudan,36.600,37.040*,37.480*,37.920*,38.360*,38.800,39.440*,40.080*,40.720*,41.360*,42.000,42.580*,43.160*,43.740*,44.320*,44.900,45.400*,45.900*,46.400*,46.900*,47.400,47.940*,48.480*,49.020*,49.560*,50.100,
Mali,32.700,32.920*,33.140*,33.360*,33.580*,33.800,34.580*,35.360*,36.140*,36.920*,37.700,38.860*,40.020*,41.180*,42.340*,43.500,43.680*,43.860*,44.040*,44.220*,44.400,44.640*,44.880*,45.120*,45.360*,45.600,
Bhutan,34.600,35.200*,35.800*,36.400*,37.000*,37.600,38.540*,39.480*,40.420*,41.360*,42.300,43.080*,43.860*,44.640*,45.420*,46.200,46.980*,47.760*,48.540*,49.320*,50.100,50.620*,51.140*,51.660*,52.180*,52.700,
Botswana,44.900,45.000*,45.100*,45.200*,45.300*,45.400,45.060*,44.720*,44.380*,44.040*,43.700,43.740*,43.780*,43.820*,43.860*,43.900,44.840*,45.780*,46.720*,47.660*,48.600,49.100*,49.600*,50.100*,50.600*,51.100,
Moldova,59.600,58.880*,58.160*,57.440*,56.720*,56.000,56.960*,57.920*,58.880*,59.840*,60.800,61.600*,62.400*,63.200*,64.000*,64.800,65.200*,65.600*,66.000*,66.400*,66.800,68.060*,69.320*,70.580*,71.840*,73.100,
Central African Republic,25.500,25.560*,25.620*,25.680*,25.740*,25.800,25.980*,26.160*,26.340*,26.520*,26.700,26.960*,27.220*,27.480*,27.740*,28.000,28.160*,28.320*,28.480*,28.640*,28.800,28.760*,28.720*,28.680*,28.640*,28.600,
New Zealand,74.200,74.880*,75.560*,76.240*,76.920*,77.600,78.080*,78.560*,79.040*,79.520*,80.000,80.500*,81.000*,81.500*,82.000*,82.500,82.840*,83.180*,83.520*,83.860*,84.200,84.600*,85.000*,85.400*,85.800*,86.200,
Cuba,64.100,64.320*,64.540*,64.760*,64.980*,65.200,65.700*,66.200*,66.700*,67.200*,67.700,68.260*,68.820*,69.380*,69.940*,70.500,70.820*,71.140*,71.460*,71.780*,72.100,72.380*,72.660*,72.940*,73.220*,73.500,
Vietnam,49.500,50.080*,50.660*,51.240*,51.820*,52.400,53.080*,53.760*,54.440*,55.120*,55.800,56.560*,57.320*,58.080*,58.840*,59.600,60.280*,60.960*,61.640*,62.320*,63.000,63.660*,64.320*,64.980*,65.640*,66.300,
Tunisia,53.000,53.780*,54.560*,55.340*,56.120*,56.900,57.800*,58.700*,59.600*,60.500*,61.400,62.020*,62.640*,63.260*,63.880*,64.500,65.080*,65.660*,66.240*,66.820*,67.400,67.940*,68.480*,69.020*,69.560*,70.100,
Taiwan,64.200,64.720*,65.240*,65.760*,66.280*,66.800,67.460*,68.120*,68.780*,69.440*,70.100,70.800*,71.500*,72.200*,72.900*,73.600,74.300*,75.000*,75.700*,76.400*,77.100,77.200*,77.300*,77.400*,77.500*,77.600,
Madagascar,34.800,35.140*,35.480*,35.820*,36.160*,36.500,36.940*,37.380*,37.820*,38.260*,38.700,39.280*,39.860*,40.440*,41.020*,41.600,41.780*,41.960*,42.140*,42.320*,42.500,42.740*,42.980*,43.220*,43.460*,43.700,
Iceland,81.900,82.360*,82.820*,83.280*,83.740*,84.200,84.780*,85.360*,85.940*,86.520*,87.100,87.640*,88.180*,88.720*,89.260*,89.800,90.260*,90.720*,91.180*,91.640*,92.100,92.400*,92.700*,93.000*,93.300*,93.600,
Sri Lanka,56.900,57.420*,57.940*,58.460*,58.980*,59.500,59.680*,59.860*,60.040*,60.220*,60.400,61.080*,61.760*,62.440*,63.120*,63.800,64.820*,65.840*,66.860*,67.880*,68.900,69.680*,70.460*,71.240*,72.020*,72.800,
Somalia,29.100,29.140*,29.180*,29.220*,29.260*,29.300,29.460*,29.620*,29.780*,29.940*,30.100,30.440*,30.780*,31.120*,31.460*,31.800,32.100*,32.400*,32.700*,33.000*,33.300,33.480*,33.660*,33.840*,34.020*,34.200,
Egypt,45.000,45.860*,46.720*,47.580*,48.440*,49.300,50.320*,51.340*,52.360*,53.380*,54.400,54.900*,55.400*,55.900*,56.400*,56.900,57.160*,57.420*,57.680*,57.940*,58.200,58.760*,59.320*,59.880*,60.440*,61.000,
Libya,60.000,60.740*,61.480*,62.220*,62.960*,63.700,64.040*,64.380*,64.720*,65.060*,65.400,65.740*,66.080*,66.420*,66.760*,67.100,67.620*,68.140*,68.660*,69.180*,69.700,69.740*,69.780*,69.820*,69.860*,69.900,
Nepal,34.000,34.620*,35.240*,35.860*,36.480*,37.100,38.000*,38.900*,39.800*,40.700*,41.600,42.420*,43.240*,44.060*,44.880*,45.700,46.200*,46.700*,47.200*,47.700*,48.200,48.720*,49.240*,49.760*,50.280*,50.800,
Bermuda,60.800,61.600*,62.400*,63.200*,64.000*,64.800,66.160*,67.520*,68.880*,70.240*,71.600,72.100*,72.600*,73.100*,73.600*,74.100,74.680*,75.260*,75.840*,76.420*,77.000,77.400*,77.800*,78.200*,78.600*,79.000,
Kiribati,35.400,35.620*,35.840*,36.060*,36.280*,36.500,37.140*,37.780*,38.420*,39.060*,39.700,39.980*,40.260*,40.540*,40.820*,41.100,41.600*,42.100*,42.600*,43.100*,43.600,43.860*,44.120*,44.380*,44.640*,44.900,
Marshall Islands,41.200,41.600*,42.000*,42.400*,42.800*,43.200,43.200*,43.200*,43.200*,43.200*,43.200,43.420*,43.640*,43.860*,44.080*,44.300,44.800*,45.300*,45.800*,46.300*,46.800,47.400*,48.000*,48.600*,49.200*,49.800,
Saint Thomas and Principe,41.300,41.420*,41.540*,41.660*,41.780*,41.900,42.080*,42.260*,42.440*,42.620*,42.800,43.040*,43.280*,43.520*,43.760*,44.000,44.660*,45.320*,45.980*,46.640*,47.300,47.760*,48.220*,48.680*,49.140*,49.600,
Samoa,50.900,51.440*,51.980*,52.520*,53.060*,53.600,54.180*,54.760*,55.340*,55.920*,56.500,56.920*,57.340*,57.760*,58.180*,58.600,59.020*,59.440*,59.860*,60.280*,60.700,60.980*,61.260*,61.540*,61.820*,62.100,
Tonga,55.000,55.260*,55.520*,55.780*,56.040*,56.300,56.500*,56.700*,56.900*,57.100*,57.300,57.520*,57.740*,57.960*,58.180*,58.400,58.740*,59.080*,59.420*,59.760*,60.100,60.500*,60.900*,61.300*,61.700*,62.100,
West Bank and Gaza,61.800,62.560*,63.320*,64.080*,64.840*,65.600,66.140*,66.680*,67.220*,67.760*,68.300,68.380*,68.460*,68.540*,68.620*,68.700,68.760*,68.820*,68.880*,68.940*,69.000,69.300*,69.600*,69.900*,70.200*,70.500,
American Samoa,54.600,54.800*,55.000*,55.200*,55.400*,55.600,56.520*,57.440*,58.360*,59.280*,60.200,60.500*,60.800*,61.100*,61.400*,61.700,61.980*,62.260*,62.540*,62.820*,63.100,63.140*,63.180*,63.220*,63.260*,63.300,
Guam,61.500,61.920*,62.340*,62.760*,63.180*,63.600,64.280*,64.960*,65.640*,66.320*,67.000,66.880*,66.760*,66.640*,66.520*,66.400,65.860*,65.320*,64.780*,64.240*,63.700,63.640*,63.580*,63.520*,63.460*,63.400,
Northern Mariana Islands,60.500,61.500*,62.500*,63.500*,64.500*,65.500,66.180*,66.860*,67.540*,68.220*,68.900,69.400*,69.900*,70.400*,70.900*,71.400,71.660*,71.920*,72.180*,72.440*,72.700,72.520*,72.340*,72.160*,71.980*,71.800,
High Income Countries,67.523,68.054*,68.585*,69.116*,69.648*,70.179,70.815*,71.451*,72.086*,72.722*,73.358,73.879*,74.399*,74.920*,75.441*,75.961,76.412*,76.862*,77.312*,77.763*,78.213,78.611*,79.010*,79.408*,79.806*,80.205,
Northern America,68.100,68.670*,69.240*,69.810*,70.380*,70.950,71.605*,72.260*,72.915*,73.570*,74.225,74.550*,74.875*,75.200*,75.525*,75.850,76.275*,76.700*,77.125*,77.550*,77.975,78.325*,78.675*,79.025*,79.375*,79.725,
World,51.612,51.992*,52.372*,52.752*,53.132*,53.512,54.026*,54.539*,55.053*,55.567*,56.081,56.629*,57.178*,57.726*,58.274*,58.823,59.343*,59.863*,60.383*,60.902*,61.422,61.864*,62.306*,62.747*,63.189*,63.630,
Americas,52.397,52.974*,53.550*,54.126*,54.702*,55.278,55.910*,56.541*,57.172*,57.804*,58.435,58.922*,59.408*,59.895*,60.381*,60.868,61.262*,61.656*,62.050*,62.444*,62.838,63.226*,63.614*,64.002*,64.390*,64.778,
Eastern Asia,56.980,57.696*,58.412*,59.128*,59.844*,60.560,61.088*,61.616*,62.144*,62.672*,63.200,64.084*,64.968*,65.852*,66.736*,67.620,68.372*,69.124*,69.876*,70.628*,71.380,71.896*,72.412*,72.928*,73.444*,73.960,
Asia,50.802,51.244*,51.686*,52.127*,52.569*,53.011,53.593*,54.175*,54.757*,55.339*,55.921,56.586*,57.250*,57.914*,58.578*,59.243,59.942*,60.642*,61.341*,62.041*,62.740,63.294*,63.848*,64.401*,64.955*,65.509,
Lower Middle Income Countries,40.825,41.130*,41.434*,41.739*,42.043*,42.348,42.786*,43.224*,43.662*,44.100*,44.538,45.095*,45.652*,46.209*,46.766*,47.323,47.920*,48.517*,49.114*,49.711*,50.308,50.831*,51.354*,51.877*,52.400*,52.923,
Southern Asia,38.944,39.476*,40.007*,40.538*,41.069*,41.600,42.238*,42.876*,43.513*,44.151*,44.789,45.524*,46.260*,46.996*,47.731*,48.467,49.207*,49.947*,50.687*,51.427*,52.167,52.733*,53.300*,53.867*,54.433*,55.000,
Middle Income Countries,46.682,47.024*,47.367*,47.709*,48.051*,48.394,48.877*,49.360*,49.842*,50.325*,50.808,51.341*,51.873*,52.406*,52.938*,53.470,54.053*,54.636*,55.218*,55.801*,56.384,56.893*,57.403*,57.913*,58.423*,58.933,
Western Europe,76.043,76.680*,77.317*,77.954*,78.591*,79.229,79.777*,80.326*,80.874*,81.423*,81.971,82.560*,83.149*,83.737*,84.326*,84.914,85.326*,85.737*,86.149*,86.560*,86.971,87.320*,87.669*,88.017*,88.366*,88.714,
European Union,71.250,71.657*,72.064*,72.471*,72.878*,73.285,73.923*,74.562*,75.200*,75.838*,76.477,77.027*,77.577*,78.127*,78.677*,79.227,79.739*,80.252*,80.764*,81.276*,81.788,82.292*,82.795*,83.298*,83.801*,84.304,
Europe,70.300,70.595*,70.891*,71.186*,71.481*,71.776,72.385*,72.994*,73.603*,74.212*,74.821,75.382*,75.943*,76.504*,77.065*,77.626,78.190*,78.754*,79.317*,79.881*,80.445,80.953*,81.461*,81.968*,82.476*,82.984,
Upper Middle Income Countries,52.096,52.449*,52.801*,53.154*,53.506*,53.859,54.378*,54.898*,55.418*,55.937*,56.457,56.988*,57.520*,58.051*,58.582*,59.114,59.684*,60.254*,60.824*,61.395*,61.965,62.455*,62.945*,63.435*,63.925*,64.416,
Southern Europe,70.215,70.655*,71.095*,71.535*,71.975*,72.415,73.031*,73.646*,74.262*,74.877*,75.492,76.112*,76.732*,77.352*,77.972*,78.592,79.151*,79.709*,80.268*,80.826*,81.385,81.831*,82.277*,82.723*,83.169*,83.615,
Latin America & Caribbean,50.785,51.361*,51.937*,52.513*,53.089*,53.665,54.291*,54.916*,55.542*,56.168*,56.794,57.303*,57.812*,58.321*,58.829*,59.338,59.723*,60.108*,60.492*,60.877*,61.262,61.645*,62.029*,62.412*,62.796*,63.179,
South America,50.175,50.793*,51.412*,52.030*,52.648*,53.267,53.983*,54.700*,55.417*,56.133*,56.850,57.397*,57.943*,58.490*,59.037*,59.583,60.038*,60.493*,60.948*,61.403*,61.858,62.332*,62.805*,63.278*,63.752*,64.225,
Australia & New Zealand,76.100,76.720*,77.340*,77.960*,78.580*,79.200,79.730*,80.260*,80.790*,81.320*,81.850,82.350*,82.850*,83.350*,83.850*,84.350,84.720*,85.090*,85.460*,85.830*,86.200,86.560*,86.920*,87.280*,87.640*,88.000,
Oceania,50.538,50.937*,51.335*,51.734*,52.132*,52.531,52.966*,53.402*,53.837*,54.272*,54.708,54.935*,55.163*,55.391*,55.618*,55.846,56.146*,56.446*,56.746*,57.046*,57.346,57.643*,57.940*,58.237*,58.534*,58.831,
South-Eastern Asia,43.945,44.473*,45.000*,45.527*,46.055*,46.582,47.155*,47.727*,48.300*,48.873*,49.445,50.189*,50.933*,51.676*,52.420*,53.164,53.864*,54.564*,55.264*,55.964*,56.664,57.273*,57.882*,58.491*,59.100*,59.709,
Northern Europe,74.020,74.200*,74.380*,74.560*,74.740*,74.920,75.552*,76.184*,76.816*,77.448*,78.080,78.574*,79.068*,79.562*,80.056*,80.550,81.116*,81.682*,82.248*,82.814*,83.380,83.876*,84.372*,84.868*,85.364*,85.860,
Caribbean,52.450,52.967*,53.484*,54.001*,54.519*,55.036,55.579*,56.121*,56.664*,57.207*,57.750,58.209*,58.667*,59.126*,59.584*,60.043,60.346*,60.649*,60.951*,61.254*,61.557,61.830*,62.103*,62.376*,62.649*,62.921,
Sub-Saharan Africa,36.283,36.445*,36.607*,36.769*,36.931*,37.094,37.351*,37.609*,37.867*,38.125*,38.383,38.947*,39.511*,40.074*,40.638*,41.202,41.685*,42.167*,42.650*,43.132*,43.615,43.998*,44.382*,44.765*,45.149*,45.532,
Western Africa,36.513,36.660*,36.808*,36.955*,37.102*,37.250,37.502*,37.755*,38.008*,38.260*,38.513,39.094*,39.675*,40.256*,40.838*,41.419,41.881*,42.344*,42.806*,43.269*,43.731,44.105*,44.479*,44.852*,45.226*,45.600,
Eastern Africa,36.028,36.229*,36.430*,36.631*,36.832*,37.033,37.441*,37.849*,38.257*,38.664*,39.072,39.712*,40.352*,40.992*,41.632*,42.272,42.710*,43.148*,43.586*,44.023*,44.461,44.827*,45.192*,45.558*,45.923*,46.289,
Africa,37.216,37.454*,37.692*,37.930*,38.168*,38.406,38.722*,39.038*,39.354*,39.670*,39.986,40.552*,41.117*,41.683*,42.248*,42.814,43.289*,43.764*,44.240*,44.715*,45.190,45.572*,45.953*,46.335*,46.716*,47.098,
Western Asia,59.624,60.085*,60.546*,61.007*,61.468*,61.929,62.605*,63.280*,63.955*,64.631*,65.306,65.891*,66.475*,67.060*,67.645*,68.229,68.871*,69.512*,70.153*,70.794*,71.435,71.934*,72.433*,72.932*,73.431*,73.929,
Melanesia,36.425,36.650*,36.875*,37.100*,37.325*,37.550,37.775*,38.000*,38.225*,38.450*,38.675,38.710*,38.745*,38.780*,38.815*,38.850,39.200*,39.550*,39.900*,40.250*,40.600,41.050*,41.500*,41.950*,42.400*,42.850,
Eastern Europe,62.478,62.458*,62.438*,62.418*,62.398*,62.378,63.007*,63.636*,64.264*,64.893*,65.522,66.056*,66.589*,67.122*,67.656*,68.189,68.858*,69.527*,70.196*,70.864*,71.533,72.238*,72.942*,73.647*,74.351*,75.056,
Central Asia,51.060,50.812*,50.564*,50.316*,50.068*,49.820,50.060*,50.300*,50.540*,50.780*,51.020,51.432*,51.844*,52.256*,52.668*,53.080,53.852*,54.624*,55.396*,56.168*,56.940,57.572*,58.204*,58.836*,59.468*,60.100,
Southern Africa,43.275,43.470*,43.665*,43.860*,44.055*,44.250,43.790*,43.330*,42.870*,42.410*,41.950,41.850*,41.750*,41.650*,41.550*,41.450,42.300*,43.150*,44.000*,44.850*,45.700,46.185*,46.670*,47.155*,47.640*,48.125,
Low Income Countries,34.238,34.458*,34.677*,34.896*,35.115*,35.335,35.688*,36.042*,36.396*,36.750*,37.104,37.733*,38.362*,38.992*,39.621*,40.250,40.688*,41.127*,41.565*,42.004*,42.442,42.742*,43.041*,43.340*,43.639*,43.938,
Central America,48.788,49.403*,50.017*,50.633*,51.247*,51.862,52.497*,53.133*,53.767*,54.403*,55.038,55.578*,56.117*,56.657*,57.197*,57.737,58.160*,58.582*,59.005*,59.428*,59.850,60.293*,60.735*,61.178*,61.620*,62.063,
Northern Africa,47.800,48.543*,49.287*,50.030*,50.773*,51.517,52.280*,53.043*,53.807*,54.570*,55.333,55.887*,56.440*,56.993*,57.547*,58.100,58.600*,59.100*,59.600*,60.100*,60.600,61.017*,61.433*,61.850*,62.267*,62.683,
Middle Africa,33.278,33.373*,33.469*,33.564*,33.660*,33.756,34.042*,34.329*,34.616*,34.902*,35.189,35.864*,36.540*,37.216*,37.891*,38.567,39.011*,39.456*,39.900*,40.344*,40.789,41.180*,41.571*,41.962*,42.353*,42.744,
Micronesia,NaN,NaN,NaN,NaN,NaN,NaN,NaN,NaN,NaN,NaN,NaN,NaN,NaN,NaN,NaN,NaN,NaN,NaN,NaN,NaN,NaN,NaN,NaN,NaN,NaN,NaN,
Polynesia,NaN,NaN,NaN,NaN,NaN,NaN,NaN,NaN,NaN,NaN,NaN,NaN,NaN,NaN,NaN,NaN,NaN,NaN,NaN,NaN,NaN,NaN,NaN,NaN,NaN,NaN,
